Machine Module,SSA3021X
Y Axis Scale,LOG
Y Axis Unit,dBm
Impedance,50
Number of Points,751
Sweep Time(s),0.336000,Auto
Start Frequency,+0.000000000e+00
Stop Frequency,+1.000000000e+09
Average Type,Log Pwr
RBW,300000.000000,Manual
VBW,300000.000000,Auto
Sweep Type,Continuous
Sweep Mode,Sweep
Sweep Rule,Speed
PreAmp State,OFF
Ref Level,+0.000000000e+00
Attenuation,20,Auto
Trigger Source,FreeRun
Trigger Level,+0.000000000e+00
Trigger Edge,FALL
Marker Information
Marker,Trace,Type,X Axis,Amplitude
Trace Math,0
Trace Variable X,Trace A
Trace Variable Y,Trace B
Trace Variable Z,Trace C
Trace Name,Trace A,Trace B,Trace C,Trace D
Trace Type,Max Hold,Max Hold,Max Hold,Max Hold
Trace Detector,Pos Peak,Pos Peak,Pos Peak,Pos Peak
Trace Data
0.000000e+00,1.752930e+00,1.752930e+00,1.752930e+00,1.752930e+00
1.333333e+06,1.953125e-02,1.464844e-02,9.765625e-03,4.882812e-03
2.666667e+06,-4.882812e-03,-9.765625e-03,-1.953125e-02,-1.953125e-02
4.000000e+06,1.953125e-02,-4.882812e-03,-3.417969e-02,-5.859375e-02
5.333334e+06,9.765625e-03,-2.929688e-02,-7.324219e-02,-1.123047e-01
6.666667e+06,-4.882812e-03,-8.300781e-02,-1.367188e-01,-1.953125e-01
8.000000e+06,-4.882812e-02,-1.464844e-01,-2.246094e-01,-3.271484e-01
9.333333e+06,-7.812500e-02,-2.197266e-01,-3.417969e-01,-4.931641e-01
1.066667e+07,-1.269531e-01,-3.173828e-01,-4.638672e-01,-6.689453e-01
1.200000e+07,-1.855469e-01,-4.541016e-01,-6.201172e-01,-9.130859e-01
1.333333e+07,-2.197266e-01,-5.419922e-01,-7.763672e-01,-1.103516e+00
1.466667e+07,-3.125000e-01,-7.080078e-01,-9.912109e-01,-1.367188e+00
1.600000e+07,-3.271484e-01,-8.251953e-01,-1.127930e+00,-1.572266e+00
1.733333e+07,-3.955078e-01,-9.033203e-01,-1.259766e+00,-1.762695e+00
1.866667e+07,-4.492188e-01,-1.015625e+00,-1.435547e+00,-1.938477e+00
2.000000e+07,-4.638672e-01,-1.083984e+00,-1.552734e+00,-2.124023e+00
2.133333e+07,-5.175781e-01,-1.171875e+00,-1.704102e+00,-2.285156e+00
2.266667e+07,-5.322266e-01,-1.206055e+00,-1.787109e+00,-2.387695e+00
2.400000e+07,-5.566406e-01,-1.269531e+00,-1.899414e+00,-2.534180e+00
2.533333e+07,-6.152344e-01,-1.318359e+00,-1.992188e+00,-2.641602e+00
2.666667e+07,-6.152344e-01,-1.342773e+00,-2.041016e+00,-2.709961e+00
2.800000e+07,-6.054688e-01,-1.381836e+00,-2.114258e+00,-2.797852e+00
2.933333e+07,-6.396484e-01,-1.401367e+00,-2.197266e+00,-2.827148e+00
3.066667e+07,-6.494141e-01,-1.459961e+00,-2.226562e+00,-2.885742e+00
3.200000e+07,-6.933594e-01,-1.503906e+00,-2.280273e+00,-2.934570e+00
3.333333e+07,-6.494141e-01,-1.499023e+00,-2.299805e+00,-2.963867e+00
3.466666e+07,-6.933594e-01,-1.528320e+00,-2.343750e+00,-2.998047e+00
3.600000e+07,-7.226562e-01,-1.562500e+00,-2.324219e+00,-3.046875e+00
3.733333e+07,-7.177734e-01,-1.542969e+00,-2.392578e+00,-3.085938e+00
3.866666e+07,-6.884766e-01,-1.518555e+00,-2.358398e+00,-3.056641e+00
4.000000e+07,-7.519531e-01,-1.557617e+00,-2.412109e+00,-3.115234e+00
4.133334e+07,-7.275391e-01,-1.577148e+00,-2.382812e+00,-3.100586e+00
4.266667e+07,-7.568359e-01,-1.591797e+00,-2.436523e+00,-3.100586e+00
4.400000e+07,-7.324219e-01,-1.606445e+00,-2.416992e+00,-3.105469e+00
4.533333e+07,-7.763672e-01,-1.616211e+00,-2.446289e+00,-3.193359e+00
4.666667e+07,-7.763672e-01,-1.650391e+00,-2.490234e+00,-3.198242e+00
4.800000e+07,-7.714844e-01,-1.645508e+00,-2.480469e+00,-3.178711e+00
4.933333e+07,-7.324219e-01,-1.596680e+00,-2.426758e+00,-3.173828e+00
5.066667e+07,-7.763672e-01,-1.630859e+00,-2.441406e+00,-3.193359e+00
5.200000e+07,-7.812500e-01,-1.640625e+00,-2.480469e+00,-3.193359e+00
5.333333e+07,-7.861328e-01,-1.665039e+00,-2.451172e+00,-3.178711e+00
5.466667e+07,-8.007812e-01,-1.669922e+00,-2.504883e+00,-3.222656e+00
5.600000e+07,-7.812500e-01,-1.640625e+00,-2.465820e+00,-3.198242e+00
5.733334e+07,-7.763672e-01,-1.684570e+00,-2.470703e+00,-3.212891e+00
5.866667e+07,-7.470703e-01,-1.645508e+00,-2.485352e+00,-3.183594e+00
6.000000e+07,-8.300781e-01,-1.704102e+00,-2.519531e+00,-3.232422e+00
6.133334e+07,-7.958984e-01,-1.684570e+00,-2.480469e+00,-3.203125e+00
6.266666e+07,-7.861328e-01,-1.669922e+00,-2.475586e+00,-3.154297e+00
6.400000e+07,-8.349609e-01,-1.679688e+00,-2.514648e+00,-3.217773e+00
6.533334e+07,-7.763672e-01,-1.665039e+00,-2.451172e+00,-3.159180e+00
6.666666e+07,-7.666016e-01,-1.660156e+00,-2.470703e+00,-3.178711e+00
6.800000e+07,-8.105469e-01,-1.665039e+00,-2.490234e+00,-3.173828e+00
6.933333e+07,-8.056641e-01,-1.689453e+00,-2.451172e+00,-3.188477e+00
7.066666e+07,-7.666016e-01,-1.621094e+00,-2.407227e+00,-3.154297e+00
7.200000e+07,-7.177734e-01,-1.640625e+00,-2.446289e+00,-3.134766e+00
7.333333e+07,-7.958984e-01,-1.665039e+00,-2.465820e+00,-3.193359e+00
7.466666e+07,-7.666016e-01,-1.660156e+00,-2.456055e+00,-3.173828e+00
7.600000e+07,-7.763672e-01,-1.660156e+00,-2.426758e+00,-3.144531e+00
7.733333e+07,-7.714844e-01,-1.640625e+00,-2.412109e+00,-3.110352e+00
7.866666e+07,-8.056641e-01,-1.665039e+00,-2.460938e+00,-3.193359e+00
8.000000e+07,-7.470703e-01,-1.596680e+00,-2.421875e+00,-3.125000e+00
8.133334e+07,-8.056641e-01,-1.650391e+00,-2.446289e+00,-3.154297e+00
8.266667e+07,-7.812500e-01,-1.625977e+00,-2.436523e+00,-3.168945e+00
8.400000e+07,-7.470703e-01,-1.601562e+00,-2.412109e+00,-3.100586e+00
8.533334e+07,-8.007812e-01,-1.650391e+00,-2.416992e+00,-3.173828e+00
8.666667e+07,-7.617188e-01,-1.625977e+00,-2.426758e+00,-3.134766e+00
8.800000e+07,-7.714844e-01,-1.630859e+00,-2.407227e+00,-3.154297e+00
8.933334e+07,-7.763672e-01,-1.640625e+00,-2.441406e+00,-3.198242e+00
9.066666e+07,-7.666016e-01,-1.645508e+00,-2.441406e+00,-3.139648e+00
9.200001e+07,-8.251953e-01,-1.660156e+00,-2.504883e+00,-3.212891e+00
9.333334e+07,-7.958984e-01,-1.665039e+00,-2.465820e+00,-3.188477e+00
9.466666e+07,-7.714844e-01,-1.665039e+00,-2.490234e+00,-3.129883e+00
9.599999e+07,-7.519531e-01,-1.655273e+00,-2.495117e+00,-3.183594e+00
9.733334e+07,-7.958984e-01,-1.645508e+00,-2.495117e+00,-3.247070e+00
9.866666e+07,-7.714844e-01,-1.684570e+00,-2.514648e+00,-3.217773e+00
9.999999e+07,-7.812500e-01,-1.660156e+00,-2.421875e+00,-3.183594e+00
1.013333e+08,-8.154297e-01,-1.674805e+00,-2.514648e+00,-3.256836e+00
1.026667e+08,-8.203125e-01,-1.718750e+00,-2.548828e+00,-3.261719e+00
1.040000e+08,-7.958984e-01,-1.723633e+00,-2.519531e+00,-3.222656e+00
1.053333e+08,-8.154297e-01,-1.728516e+00,-2.543945e+00,-3.237305e+00
1.066667e+08,-8.642578e-01,-1.723633e+00,-2.583008e+00,-3.300781e+00
1.080000e+08,-8.154297e-01,-1.723633e+00,-2.568359e+00,-3.276367e+00
1.093333e+08,-8.691406e-01,-1.704102e+00,-2.587891e+00,-3.334961e+00
1.106667e+08,-8.056641e-01,-1.723633e+00,-2.543945e+00,-3.291016e+00
1.120000e+08,-8.007812e-01,-1.767578e+00,-2.607422e+00,-3.334961e+00
1.133333e+08,-8.251953e-01,-1.762695e+00,-2.592773e+00,-3.325195e+00
1.146667e+08,-8.300781e-01,-1.767578e+00,-2.622070e+00,-3.359375e+00
1.160000e+08,-8.203125e-01,-1.767578e+00,-2.563477e+00,-3.330078e+00
1.173333e+08,-8.300781e-01,-1.787109e+00,-2.626953e+00,-3.344727e+00
1.186667e+08,-8.789062e-01,-1.816406e+00,-2.666016e+00,-3.369141e+00
1.200000e+08,-8.642578e-01,-1.787109e+00,-2.641602e+00,-3.354492e+00
1.213333e+08,-8.642578e-01,-1.772461e+00,-2.622070e+00,-3.364258e+00
1.226667e+08,-8.544922e-01,-1.777344e+00,-2.617188e+00,-3.364258e+00
1.240000e+08,-8.447266e-01,-1.787109e+00,-2.626953e+00,-3.378906e+00
1.253333e+08,-8.740234e-01,-1.801758e+00,-2.661133e+00,-3.442383e+00
1.266667e+08,-8.203125e-01,-1.738281e+00,-2.607422e+00,-3.330078e+00
1.280000e+08,-8.544922e-01,-1.767578e+00,-2.612305e+00,-3.388672e+00
1.293333e+08,-8.740234e-01,-1.752930e+00,-2.666016e+00,-3.447266e+00
1.306667e+08,-8.593750e-01,-1.723633e+00,-2.661133e+00,-3.403320e+00
1.320000e+08,-8.642578e-01,-1.733398e+00,-2.675781e+00,-3.447266e+00
1.333333e+08,-8.691406e-01,-1.752930e+00,-2.646484e+00,-3.461914e+00
1.346667e+08,-8.789062e-01,-1.752930e+00,-2.695312e+00,-3.452148e+00
1.360000e+08,-8.935547e-01,-1.787109e+00,-2.617188e+00,-3.432617e+00
1.373333e+08,-8.496094e-01,-1.772461e+00,-2.685547e+00,-3.432617e+00
1.386667e+08,-8.886719e-01,-1.787109e+00,-2.622070e+00,-3.437500e+00
1.400000e+08,-8.642578e-01,-1.787109e+00,-2.641602e+00,-3.442383e+00
1.413333e+08,-8.740234e-01,-1.772461e+00,-2.641602e+00,-3.432617e+00
1.426667e+08,-8.642578e-01,-1.796875e+00,-2.700195e+00,-3.422852e+00
1.440000e+08,-9.179688e-01,-1.831055e+00,-2.700195e+00,-3.432617e+00
1.453333e+08,-8.544922e-01,-1.757812e+00,-2.646484e+00,-3.413086e+00
1.466667e+08,-8.544922e-01,-1.777344e+00,-2.666016e+00,-3.413086e+00
1.480000e+08,-8.886719e-01,-1.806641e+00,-2.690430e+00,-3.383789e+00
1.493333e+08,-8.642578e-01,-1.782227e+00,-2.651367e+00,-3.383789e+00
1.506667e+08,-8.837891e-01,-1.821289e+00,-2.607422e+00,-3.452148e+00
1.520000e+08,-9.033203e-01,-1.816406e+00,-2.636719e+00,-3.403320e+00
1.533333e+08,-8.203125e-01,-1.777344e+00,-2.631836e+00,-3.408203e+00
1.546667e+08,-8.837891e-01,-1.782227e+00,-2.626953e+00,-3.374023e+00
1.560000e+08,-8.251953e-01,-1.757812e+00,-2.631836e+00,-3.354492e+00
1.573333e+08,-8.691406e-01,-1.787109e+00,-2.602539e+00,-3.334961e+00
1.586667e+08,-8.544922e-01,-1.762695e+00,-2.583008e+00,-3.417969e+00
1.600000e+08,-8.496094e-01,-1.762695e+00,-2.543945e+00,-3.349609e+00
1.613333e+08,-8.837891e-01,-1.782227e+00,-2.607422e+00,-3.417969e+00
1.626667e+08,-8.935547e-01,-1.782227e+00,-2.646484e+00,-3.374023e+00
1.640000e+08,-8.691406e-01,-1.791992e+00,-2.612305e+00,-3.388672e+00
1.653333e+08,-7.861328e-01,-1.762695e+00,-2.543945e+00,-3.369141e+00
1.666667e+08,-8.740234e-01,-1.762695e+00,-2.607422e+00,-3.393555e+00
1.680000e+08,-8.886719e-01,-1.840820e+00,-2.656250e+00,-3.417969e+00
1.693333e+08,-8.544922e-01,-1.767578e+00,-2.602539e+00,-3.369141e+00
1.706667e+08,-8.740234e-01,-1.767578e+00,-2.631836e+00,-3.393555e+00
1.720000e+08,-8.496094e-01,-1.733398e+00,-2.583008e+00,-3.383789e+00
1.733333e+08,-8.691406e-01,-1.787109e+00,-2.661133e+00,-3.427734e+00
1.746667e+08,-8.642578e-01,-1.748047e+00,-2.670898e+00,-3.349609e+00
1.760000e+08,-8.984375e-01,-1.787109e+00,-2.695312e+00,-3.437500e+00
1.773333e+08,-8.984375e-01,-1.821289e+00,-2.714844e+00,-3.413086e+00
1.786667e+08,-8.837891e-01,-1.801758e+00,-2.656250e+00,-3.413086e+00
1.800000e+08,-9.033203e-01,-1.826172e+00,-2.700195e+00,-3.447266e+00
1.813333e+08,-8.837891e-01,-1.850586e+00,-2.719727e+00,-3.496094e+00
1.826667e+08,-8.691406e-01,-1.806641e+00,-2.700195e+00,-3.476562e+00
1.840000e+08,-9.179688e-01,-1.865234e+00,-2.729492e+00,-3.491211e+00
1.853333e+08,-9.326172e-01,-1.870117e+00,-2.753906e+00,-3.530273e+00
1.866667e+08,-8.837891e-01,-1.796875e+00,-2.744141e+00,-3.520508e+00
1.880000e+08,-8.691406e-01,-1.855469e+00,-2.768555e+00,-3.564453e+00
1.893333e+08,-9.277344e-01,-1.879883e+00,-2.778320e+00,-3.583984e+00
1.906667e+08,-9.082031e-01,-1.845703e+00,-2.792969e+00,-3.549805e+00
1.920000e+08,-9.130859e-01,-1.875000e+00,-2.783203e+00,-3.544922e+00
1.933333e+08,-9.277344e-01,-1.914062e+00,-2.788086e+00,-3.569336e+00
1.946667e+08,-9.033203e-01,-1.889648e+00,-2.827148e+00,-3.598633e+00
1.960000e+08,-9.619141e-01,-1.948242e+00,-2.875977e+00,-3.642578e+00
1.973333e+08,-9.423828e-01,-1.918945e+00,-2.832031e+00,-3.662109e+00
1.986667e+08,-9.863281e-01,-1.933594e+00,-2.890625e+00,-3.701172e+00
2.000000e+08,-8.984375e-01,-1.943359e+00,-2.846680e+00,-3.627930e+00
2.013333e+08,-9.716797e-01,-1.992188e+00,-2.963867e+00,-3.720703e+00
2.026667e+08,-9.716797e-01,-1.982422e+00,-2.929688e+00,-3.686523e+00
2.040000e+08,-9.570312e-01,-1.977539e+00,-2.939453e+00,-3.769531e+00
2.053333e+08,-9.033203e-01,-1.962891e+00,-2.866211e+00,-3.666992e+00
2.066667e+08,-9.521484e-01,-1.997070e+00,-2.885742e+00,-3.730469e+00
2.080000e+08,-9.814453e-01,-1.948242e+00,-2.939453e+00,-3.701172e+00
2.093333e+08,-9.619141e-01,-2.006836e+00,-2.915039e+00,-3.715820e+00
2.106667e+08,-9.375000e-01,-1.977539e+00,-2.919922e+00,-3.701172e+00
2.120000e+08,-1.020508e+00,-2.031250e+00,-2.944336e+00,-3.774414e+00
2.133333e+08,-9.570312e-01,-2.031250e+00,-2.875977e+00,-3.754883e+00
2.146667e+08,-9.667969e-01,-2.016602e+00,-2.949219e+00,-3.706055e+00
2.160000e+08,-9.716797e-01,-1.992188e+00,-2.871094e+00,-3.774414e+00
2.173333e+08,-1.000977e+00,-2.021484e+00,-2.983398e+00,-3.759766e+00
2.186667e+08,-9.716797e-01,-1.904297e+00,-2.934570e+00,-3.715820e+00
2.200000e+08,-9.765625e-01,-1.977539e+00,-2.968750e+00,-3.720703e+00
2.213333e+08,-1.010742e+00,-2.016602e+00,-2.939453e+00,-3.774414e+00
2.226667e+08,-9.667969e-01,-2.016602e+00,-2.905273e+00,-3.754883e+00
2.240000e+08,-9.423828e-01,-1.948242e+00,-2.851562e+00,-3.691406e+00
2.253333e+08,-1.015625e+00,-2.050781e+00,-2.924805e+00,-3.725586e+00
2.266667e+08,-9.228516e-01,-1.982422e+00,-2.900391e+00,-3.720703e+00
2.280000e+08,-9.619141e-01,-1.992188e+00,-2.944336e+00,-3.740234e+00
2.293333e+08,-9.765625e-01,-1.948242e+00,-2.861328e+00,-3.696289e+00
2.306667e+08,-9.277344e-01,-1.953125e+00,-2.812500e+00,-3.671875e+00
2.320000e+08,-9.716797e-01,-1.982422e+00,-2.866211e+00,-3.701172e+00
2.333333e+08,-9.228516e-01,-1.972656e+00,-2.866211e+00,-3.657227e+00
2.346667e+08,-9.326172e-01,-1.875000e+00,-2.885742e+00,-3.671875e+00
2.360000e+08,-8.935547e-01,-1.923828e+00,-2.885742e+00,-3.657227e+00
2.373333e+08,-9.472656e-01,-1.972656e+00,-2.915039e+00,-3.657227e+00
2.386667e+08,-9.277344e-01,-1.923828e+00,-2.827148e+00,-3.618164e+00
2.400000e+08,-9.228516e-01,-1.962891e+00,-2.846680e+00,-3.632812e+00
2.413333e+08,-9.619141e-01,-1.958008e+00,-2.817383e+00,-3.627930e+00
2.426667e+08,-9.130859e-01,-1.899414e+00,-2.832031e+00,-3.598633e+00
2.440000e+08,-9.130859e-01,-1.918945e+00,-2.822266e+00,-3.593750e+00
2.453333e+08,-9.326172e-01,-1.938477e+00,-2.851562e+00,-3.652344e+00
2.466667e+08,-9.033203e-01,-1.855469e+00,-2.744141e+00,-3.613281e+00
2.480000e+08,-9.130859e-01,-1.899414e+00,-2.822266e+00,-3.613281e+00
2.493333e+08,-9.130859e-01,-1.923828e+00,-2.817383e+00,-3.598633e+00
2.506667e+08,-9.130859e-01,-1.914062e+00,-2.802734e+00,-3.569336e+00
2.520000e+08,-8.984375e-01,-1.850586e+00,-2.768555e+00,-3.559570e+00
2.533333e+08,-8.740234e-01,-1.870117e+00,-2.778320e+00,-3.535156e+00
2.546667e+08,-8.935547e-01,-1.835938e+00,-2.807617e+00,-3.544922e+00
2.560000e+08,-8.935547e-01,-1.899414e+00,-2.832031e+00,-3.466797e+00
2.573333e+08,-8.691406e-01,-1.889648e+00,-2.749023e+00,-3.520508e+00
2.586667e+08,-8.740234e-01,-1.889648e+00,-2.739258e+00,-3.505859e+00
2.600000e+08,-9.082031e-01,-1.826172e+00,-2.729492e+00,-3.496094e+00
2.613333e+08,-8.886719e-01,-1.865234e+00,-2.783203e+00,-3.520508e+00
2.626667e+08,-9.472656e-01,-1.889648e+00,-2.797852e+00,-3.574219e+00
2.640000e+08,-8.837891e-01,-1.811523e+00,-2.734375e+00,-3.432617e+00
2.653333e+08,-8.740234e-01,-1.835938e+00,-2.729492e+00,-3.510742e+00
2.666667e+08,-8.984375e-01,-1.850586e+00,-2.724609e+00,-3.520508e+00
2.680000e+08,-9.521484e-01,-1.889648e+00,-2.749023e+00,-3.559570e+00
2.693333e+08,-9.228516e-01,-1.870117e+00,-2.783203e+00,-3.515625e+00
2.706667e+08,-8.837891e-01,-1.826172e+00,-2.724609e+00,-3.525391e+00
2.720000e+08,-8.691406e-01,-1.875000e+00,-2.739258e+00,-3.491211e+00
2.733333e+08,-9.130859e-01,-1.884766e+00,-2.763672e+00,-3.549805e+00
2.746667e+08,-8.691406e-01,-1.865234e+00,-2.768555e+00,-3.500977e+00
2.760000e+08,-9.228516e-01,-1.860352e+00,-2.807617e+00,-3.525391e+00
2.773333e+08,-8.935547e-01,-1.826172e+00,-2.763672e+00,-3.549805e+00
2.786667e+08,-9.130859e-01,-1.860352e+00,-2.778320e+00,-3.574219e+00
2.800000e+08,-8.886719e-01,-1.865234e+00,-2.788086e+00,-3.544922e+00
2.813333e+08,-9.375000e-01,-1.889648e+00,-2.817383e+00,-3.608398e+00
2.826667e+08,-9.082031e-01,-1.875000e+00,-2.768555e+00,-3.559570e+00
2.840000e+08,-8.740234e-01,-1.850586e+00,-2.788086e+00,-3.530273e+00
2.853333e+08,-8.935547e-01,-1.855469e+00,-2.807617e+00,-3.559570e+00
2.866667e+08,-8.935547e-01,-1.860352e+00,-2.778320e+00,-3.588867e+00
2.880000e+08,-8.349609e-01,-1.865234e+00,-2.792969e+00,-3.564453e+00
2.893333e+08,-9.716797e-01,-1.904297e+00,-2.871094e+00,-3.662109e+00
2.906667e+08,-9.326172e-01,-1.840820e+00,-2.836914e+00,-3.564453e+00
2.920000e+08,-8.691406e-01,-1.870117e+00,-2.797852e+00,-3.583984e+00
2.933333e+08,-9.130859e-01,-1.840820e+00,-2.802734e+00,-3.564453e+00
2.946667e+08,-9.423828e-01,-1.845703e+00,-2.841797e+00,-3.574219e+00
2.960000e+08,-9.716797e-01,-1.914062e+00,-2.866211e+00,-3.632812e+00
2.973333e+08,-9.033203e-01,-1.816406e+00,-2.758789e+00,-3.583984e+00
2.986667e+08,-8.984375e-01,-1.835938e+00,-2.768555e+00,-3.583984e+00
3.000000e+08,-9.960938e-01,-1.899414e+00,-2.895508e+00,-3.652344e+00
3.013333e+08,-9.179688e-01,-1.889648e+00,-2.856445e+00,-3.613281e+00
3.026667e+08,-9.472656e-01,-1.894531e+00,-2.871094e+00,-3.637695e+00
3.040000e+08,-9.619141e-01,-1.879883e+00,-2.880859e+00,-3.657227e+00
3.053333e+08,-9.326172e-01,-1.933594e+00,-2.866211e+00,-3.608398e+00
3.066667e+08,-1.000977e+00,-1.938477e+00,-2.924805e+00,-3.686523e+00
3.080000e+08,-9.521484e-01,-1.875000e+00,-2.880859e+00,-3.666992e+00
3.093333e+08,-9.472656e-01,-1.958008e+00,-2.944336e+00,-3.720703e+00
3.106667e+08,-9.667969e-01,-1.894531e+00,-2.895508e+00,-3.720703e+00
3.120000e+08,-9.521484e-01,-1.918945e+00,-2.880859e+00,-3.618164e+00
3.133333e+08,-9.228516e-01,-1.909180e+00,-2.875977e+00,-3.642578e+00
3.146667e+08,-9.765625e-01,-1.943359e+00,-2.905273e+00,-3.623047e+00
3.160000e+08,-9.667969e-01,-1.943359e+00,-2.861328e+00,-3.691406e+00
3.173333e+08,-9.472656e-01,-1.948242e+00,-2.807617e+00,-3.686523e+00
3.186667e+08,-9.423828e-01,-1.943359e+00,-2.890625e+00,-3.671875e+00
3.200000e+08,-9.326172e-01,-1.938477e+00,-2.856445e+00,-3.676758e+00
3.213333e+08,-9.228516e-01,-1.879883e+00,-2.856445e+00,-3.642578e+00
3.226667e+08,-9.570312e-01,-1.958008e+00,-2.910156e+00,-3.701172e+00
3.240000e+08,-9.716797e-01,-1.953125e+00,-2.895508e+00,-3.652344e+00
3.253333e+08,-8.740234e-01,-1.894531e+00,-2.822266e+00,-3.627930e+00
3.266667e+08,-8.691406e-01,-1.845703e+00,-2.797852e+00,-3.564453e+00
3.280000e+08,-9.082031e-01,-1.928711e+00,-2.827148e+00,-3.608398e+00
3.293333e+08,-9.179688e-01,-1.918945e+00,-2.832031e+00,-3.637695e+00
3.306667e+08,-9.033203e-01,-1.884766e+00,-2.807617e+00,-3.564453e+00
3.320000e+08,-8.886719e-01,-1.914062e+00,-2.817383e+00,-3.564453e+00
3.333333e+08,-9.082031e-01,-1.909180e+00,-2.802734e+00,-3.627930e+00
3.346667e+08,-9.423828e-01,-1.894531e+00,-2.856445e+00,-3.588867e+00
3.360000e+08,-9.033203e-01,-1.914062e+00,-2.807617e+00,-3.642578e+00
3.373333e+08,-9.130859e-01,-1.914062e+00,-2.812500e+00,-3.623047e+00
3.386667e+08,-9.179688e-01,-1.909180e+00,-2.802734e+00,-3.662109e+00
3.400000e+08,-9.228516e-01,-1.923828e+00,-2.861328e+00,-3.681641e+00
3.413333e+08,-8.886719e-01,-1.914062e+00,-2.861328e+00,-3.574219e+00
3.426667e+08,-9.130859e-01,-1.928711e+00,-2.812500e+00,-3.618164e+00
3.440000e+08,-9.179688e-01,-1.928711e+00,-2.836914e+00,-3.681641e+00
3.453333e+08,-9.033203e-01,-1.938477e+00,-2.866211e+00,-3.642578e+00
3.466667e+08,-9.423828e-01,-1.987305e+00,-2.915039e+00,-3.696289e+00
3.480000e+08,-8.837891e-01,-1.918945e+00,-2.856445e+00,-3.657227e+00
3.493333e+08,-9.228516e-01,-1.958008e+00,-2.910156e+00,-3.691406e+00
3.506667e+08,-9.228516e-01,-1.967773e+00,-2.856445e+00,-3.696289e+00
3.520000e+08,-9.326172e-01,-1.918945e+00,-2.871094e+00,-3.696289e+00
3.533333e+08,-8.935547e-01,-1.948242e+00,-2.929688e+00,-3.730469e+00
3.546667e+08,-8.935547e-01,-1.928711e+00,-2.890625e+00,-3.686523e+00
3.560000e+08,-9.228516e-01,-2.011719e+00,-2.929688e+00,-3.701172e+00
3.573333e+08,-1.000977e+00,-2.050781e+00,-2.973633e+00,-3.818359e+00
3.586667e+08,-9.472656e-01,-2.050781e+00,-2.978516e+00,-3.818359e+00
3.600000e+08,-9.423828e-01,-2.041016e+00,-2.978516e+00,-3.735352e+00
3.613333e+08,-9.423828e-01,-2.031250e+00,-2.929688e+00,-3.764648e+00
3.626667e+08,-9.423828e-01,-2.001953e+00,-3.002930e+00,-3.759766e+00
3.640000e+08,-9.033203e-01,-2.055664e+00,-2.983398e+00,-3.730469e+00
3.653333e+08,-9.521484e-01,-2.070312e+00,-2.963867e+00,-3.808594e+00
3.666667e+08,-9.960938e-01,-2.114258e+00,-3.037109e+00,-3.818359e+00
3.680000e+08,-9.619141e-01,-2.060547e+00,-2.944336e+00,-3.813477e+00
3.693333e+08,-9.277344e-01,-2.070312e+00,-3.007812e+00,-3.808594e+00
3.706667e+08,-9.716797e-01,-2.070312e+00,-2.983398e+00,-3.857422e+00
3.720000e+08,-9.863281e-01,-2.060547e+00,-3.012695e+00,-3.833008e+00
3.733333e+08,-9.423828e-01,-2.094727e+00,-3.022461e+00,-3.837891e+00
3.746667e+08,-9.863281e-01,-2.114258e+00,-2.988281e+00,-3.798828e+00
3.760000e+08,-9.912109e-01,-2.104492e+00,-3.046875e+00,-3.891602e+00
3.773333e+08,-9.960938e-01,-2.133789e+00,-3.061523e+00,-3.740234e+00
3.786667e+08,-9.082031e-01,-2.119141e+00,-3.037109e+00,-3.833008e+00
3.800000e+08,-9.765625e-01,-2.084961e+00,-3.041992e+00,-3.808594e+00
3.813333e+08,-8.789062e-01,-2.021484e+00,-3.022461e+00,-3.847656e+00
3.826667e+08,-1.015625e+00,-2.143555e+00,-3.090820e+00,-3.881836e+00
3.840000e+08,-9.375000e-01,-2.070312e+00,-3.032227e+00,-3.803711e+00
3.853333e+08,-1.030273e+00,-2.050781e+00,-3.090820e+00,-3.896484e+00
3.866667e+08,-9.716797e-01,-2.070312e+00,-3.007812e+00,-3.842773e+00
3.880000e+08,-1.010742e+00,-2.065430e+00,-3.071289e+00,-3.833008e+00
3.893333e+08,-9.716797e-01,-2.031250e+00,-2.983398e+00,-3.842773e+00
3.906667e+08,-1.005859e+00,-2.045898e+00,-2.973633e+00,-3.857422e+00
3.920000e+08,-1.000977e+00,-2.089844e+00,-3.095703e+00,-3.916016e+00
3.933333e+08,-1.035156e+00,-2.104492e+00,-3.090820e+00,-3.901367e+00
3.946667e+08,-1.030273e+00,-2.060547e+00,-3.120117e+00,-3.935547e+00
3.960000e+08,-9.912109e-01,-1.987305e+00,-3.071289e+00,-3.950195e+00
3.973333e+08,-9.765625e-01,-2.060547e+00,-3.173828e+00,-3.901367e+00
3.986667e+08,-9.570312e-01,-2.036133e+00,-3.110352e+00,-3.950195e+00
4.000000e+08,-9.960938e-01,-2.065430e+00,-3.154297e+00,-3.955078e+00
4.013333e+08,-9.619141e-01,-1.982422e+00,-3.129883e+00,-3.935547e+00
4.026667e+08,-9.472656e-01,-2.065430e+00,-3.164062e+00,-3.945312e+00
4.040000e+08,-1.025391e+00,-2.055664e+00,-3.115234e+00,-3.950195e+00
4.053333e+08,-9.521484e-01,-2.050781e+00,-3.095703e+00,-3.886719e+00
4.066667e+08,-9.082031e-01,-2.011719e+00,-3.007812e+00,-3.823242e+00
4.080000e+08,-9.814453e-01,-2.055664e+00,-3.125000e+00,-3.935547e+00
4.093333e+08,-9.277344e-01,-2.016602e+00,-3.095703e+00,-3.784180e+00
4.106667e+08,-9.667969e-01,-2.031250e+00,-3.129883e+00,-3.906250e+00
4.120000e+08,-9.130859e-01,-1.987305e+00,-3.051758e+00,-3.745117e+00
4.133333e+08,-9.375000e-01,-1.977539e+00,-2.929688e+00,-3.784180e+00
4.146667e+08,-9.179688e-01,-1.987305e+00,-2.968750e+00,-3.833008e+00
4.160000e+08,-8.251953e-01,-1.962891e+00,-2.973633e+00,-3.750000e+00
4.173333e+08,-8.447266e-01,-1.914062e+00,-2.949219e+00,-3.701172e+00
4.186667e+08,-8.398438e-01,-1.943359e+00,-2.963867e+00,-3.769531e+00
4.200000e+08,-8.691406e-01,-1.909180e+00,-2.890625e+00,-3.710938e+00
4.213333e+08,-8.789062e-01,-1.928711e+00,-2.929688e+00,-3.666992e+00
4.226667e+08,-8.984375e-01,-1.938477e+00,-2.915039e+00,-3.715820e+00
4.240000e+08,-8.593750e-01,-1.860352e+00,-2.856445e+00,-3.681641e+00
4.253333e+08,-8.789062e-01,-1.884766e+00,-2.890625e+00,-3.666992e+00
4.266667e+08,-8.837891e-01,-1.933594e+00,-2.900391e+00,-3.652344e+00
4.280000e+08,-8.984375e-01,-1.923828e+00,-2.866211e+00,-3.681641e+00
4.293333e+08,-8.447266e-01,-1.909180e+00,-2.822266e+00,-3.613281e+00
4.306667e+08,-8.300781e-01,-1.904297e+00,-2.890625e+00,-3.603516e+00
4.320000e+08,-8.251953e-01,-1.894531e+00,-2.788086e+00,-3.520508e+00
4.333333e+08,-8.642578e-01,-1.899414e+00,-2.827148e+00,-3.574219e+00
4.346667e+08,-8.935547e-01,-1.889648e+00,-2.719727e+00,-3.593750e+00
4.360000e+08,-8.251953e-01,-1.791992e+00,-2.739258e+00,-3.515625e+00
4.373333e+08,-8.740234e-01,-1.821289e+00,-2.812500e+00,-3.652344e+00
4.386667e+08,-8.300781e-01,-1.840820e+00,-2.792969e+00,-3.608398e+00
4.400000e+08,-8.203125e-01,-1.884766e+00,-2.807617e+00,-3.564453e+00
4.413333e+08,-9.082031e-01,-1.894531e+00,-2.851562e+00,-3.608398e+00
4.426667e+08,-9.277344e-01,-1.909180e+00,-2.851562e+00,-3.588867e+00
4.440000e+08,-8.984375e-01,-1.840820e+00,-2.871094e+00,-3.549805e+00
4.453333e+08,-8.984375e-01,-1.879883e+00,-2.817383e+00,-3.593750e+00
4.466667e+08,-8.544922e-01,-1.816406e+00,-2.856445e+00,-3.535156e+00
4.480000e+08,-8.789062e-01,-1.850586e+00,-2.827148e+00,-3.598633e+00
4.493333e+08,-9.179688e-01,-1.855469e+00,-2.885742e+00,-3.564453e+00
4.506667e+08,-8.691406e-01,-1.870117e+00,-2.812500e+00,-3.627930e+00
4.520000e+08,-9.179688e-01,-1.879883e+00,-2.861328e+00,-3.647461e+00
4.533333e+08,-8.886719e-01,-1.889648e+00,-2.856445e+00,-3.603516e+00
4.546667e+08,-9.228516e-01,-1.909180e+00,-2.856445e+00,-3.647461e+00
4.560000e+08,-9.033203e-01,-1.899414e+00,-2.871094e+00,-3.652344e+00
4.573333e+08,-8.740234e-01,-1.845703e+00,-2.802734e+00,-3.608398e+00
4.586667e+08,-8.984375e-01,-1.904297e+00,-2.866211e+00,-3.647461e+00
4.600000e+08,-8.642578e-01,-1.850586e+00,-2.822266e+00,-3.632812e+00
4.613333e+08,-8.740234e-01,-1.889648e+00,-2.905273e+00,-3.632812e+00
4.626667e+08,-8.789062e-01,-1.909180e+00,-2.875977e+00,-3.647461e+00
4.640000e+08,-8.837891e-01,-1.865234e+00,-2.900391e+00,-3.691406e+00
4.653333e+08,-8.935547e-01,-1.879883e+00,-2.890625e+00,-3.725586e+00
4.666667e+08,-8.886719e-01,-1.933594e+00,-2.900391e+00,-3.652344e+00
4.680000e+08,-9.082031e-01,-1.948242e+00,-2.910156e+00,-3.671875e+00
4.693333e+08,-8.398438e-01,-1.884766e+00,-2.851562e+00,-3.715820e+00
4.706667e+08,-8.496094e-01,-1.948242e+00,-2.939453e+00,-3.725586e+00
4.720000e+08,-8.056641e-01,-1.860352e+00,-2.910156e+00,-3.676758e+00
4.733333e+08,-8.349609e-01,-1.879883e+00,-2.885742e+00,-3.671875e+00
4.746667e+08,-8.398438e-01,-1.923828e+00,-2.963867e+00,-3.774414e+00
4.760000e+08,-8.740234e-01,-1.879883e+00,-2.910156e+00,-3.720703e+00
4.773333e+08,-8.642578e-01,-1.879883e+00,-2.915039e+00,-3.686523e+00
4.786667e+08,-8.300781e-01,-1.899414e+00,-2.919922e+00,-3.725586e+00
4.800000e+08,-8.886719e-01,-1.958008e+00,-3.017578e+00,-3.793945e+00
4.813333e+08,-8.984375e-01,-1.958008e+00,-2.973633e+00,-3.789062e+00
4.826667e+08,-8.837891e-01,-1.958008e+00,-3.007812e+00,-3.803711e+00
4.840000e+08,-8.691406e-01,-1.958008e+00,-2.963867e+00,-3.730469e+00
4.853333e+08,-8.984375e-01,-1.914062e+00,-3.007812e+00,-3.750000e+00
4.866667e+08,-9.179688e-01,-1.943359e+00,-2.963867e+00,-3.789062e+00
4.880000e+08,-8.886719e-01,-1.943359e+00,-2.983398e+00,-3.774414e+00
4.893333e+08,-9.033203e-01,-1.958008e+00,-2.919922e+00,-3.774414e+00
4.906667e+08,-8.886719e-01,-1.938477e+00,-2.890625e+00,-3.764648e+00
4.920000e+08,-8.886719e-01,-1.943359e+00,-2.978516e+00,-3.764648e+00
4.933333e+08,-9.521484e-01,-1.982422e+00,-3.032227e+00,-3.833008e+00
4.946667e+08,-9.130859e-01,-1.958008e+00,-3.007812e+00,-3.813477e+00
4.960000e+08,-9.033203e-01,-1.958008e+00,-2.949219e+00,-3.779297e+00
4.973333e+08,-9.277344e-01,-1.933594e+00,-3.032227e+00,-3.828125e+00
4.986667e+08,-9.228516e-01,-1.958008e+00,-3.017578e+00,-3.735352e+00
5.000000e+08,-9.570312e-01,-1.948242e+00,-2.978516e+00,-3.793945e+00
5.013333e+08,-9.326172e-01,-1.923828e+00,-2.915039e+00,-3.789062e+00
5.026667e+08,-9.619141e-01,-1.987305e+00,-3.017578e+00,-3.828125e+00
5.040000e+08,-8.984375e-01,-1.933594e+00,-3.017578e+00,-3.823242e+00
5.053333e+08,-9.375000e-01,-1.962891e+00,-3.017578e+00,-3.808594e+00
5.066667e+08,-9.326172e-01,-1.923828e+00,-2.983398e+00,-3.793945e+00
5.080000e+08,-9.082031e-01,-1.938477e+00,-2.973633e+00,-3.793945e+00
5.093333e+08,-9.130859e-01,-1.923828e+00,-3.007812e+00,-3.769531e+00
5.106667e+08,-9.716797e-01,-1.977539e+00,-3.027344e+00,-3.798828e+00
5.120000e+08,-9.228516e-01,-1.943359e+00,-3.002930e+00,-3.833008e+00
5.133333e+08,-9.472656e-01,-1.972656e+00,-3.027344e+00,-3.862305e+00
5.146667e+08,-9.472656e-01,-1.948242e+00,-3.037109e+00,-3.813477e+00
5.160000e+08,-9.130859e-01,-1.928711e+00,-2.968750e+00,-3.730469e+00
5.173333e+08,-9.423828e-01,-1.997070e+00,-3.041992e+00,-3.872070e+00
5.186667e+08,-9.326172e-01,-1.977539e+00,-3.012695e+00,-3.823242e+00
5.200000e+08,-8.593750e-01,-1.928711e+00,-3.012695e+00,-3.784180e+00
5.213333e+08,-9.375000e-01,-1.977539e+00,-3.041992e+00,-3.862305e+00
5.226667e+08,-9.472656e-01,-2.001953e+00,-3.081055e+00,-3.886719e+00
5.240000e+08,-9.277344e-01,-2.031250e+00,-3.066406e+00,-3.813477e+00
5.253333e+08,-8.837891e-01,-1.987305e+00,-3.022461e+00,-3.837891e+00
5.266667e+08,-9.521484e-01,-2.036133e+00,-3.125000e+00,-3.867188e+00
5.280000e+08,-9.277344e-01,-2.016602e+00,-3.144531e+00,-3.857422e+00
5.293333e+08,-9.326172e-01,-2.001953e+00,-3.095703e+00,-3.867188e+00
5.306667e+08,-9.423828e-01,-2.036133e+00,-3.090820e+00,-3.886719e+00
5.320000e+08,-9.277344e-01,-2.065430e+00,-3.046875e+00,-3.862305e+00
5.333333e+08,-9.179688e-01,-2.031250e+00,-3.095703e+00,-3.920898e+00
5.346667e+08,-8.984375e-01,-2.021484e+00,-3.120117e+00,-3.886719e+00
5.360000e+08,-9.765625e-01,-2.104492e+00,-3.120117e+00,-3.945312e+00
5.373333e+08,-8.935547e-01,-2.075195e+00,-3.139648e+00,-3.979492e+00
5.386667e+08,-9.570312e-01,-2.075195e+00,-3.149414e+00,-3.999023e+00
5.400000e+08,-9.667969e-01,-2.099609e+00,-3.154297e+00,-3.959961e+00
5.413333e+08,-9.228516e-01,-2.094727e+00,-3.183594e+00,-3.984375e+00
5.426667e+08,-9.228516e-01,-2.094727e+00,-3.237305e+00,-4.057617e+00
5.440000e+08,-9.375000e-01,-2.099609e+00,-3.203125e+00,-4.033203e+00
5.453333e+08,-9.033203e-01,-2.133789e+00,-3.208008e+00,-4.033203e+00
5.466667e+08,-8.984375e-01,-2.114258e+00,-3.276367e+00,-3.979492e+00
5.480000e+08,-9.130859e-01,-2.133789e+00,-3.276367e+00,-4.003906e+00
5.493333e+08,-9.765625e-01,-2.172852e+00,-3.344727e+00,-4.086914e+00
5.506667e+08,-9.375000e-01,-2.167969e+00,-3.261719e+00,-4.047852e+00
5.520000e+08,-9.179688e-01,-2.182617e+00,-3.261719e+00,-4.096680e+00
5.533333e+08,-9.570312e-01,-2.177734e+00,-3.330078e+00,-4.101562e+00
5.546667e+08,-1.005859e+00,-2.197266e+00,-3.339844e+00,-4.169922e+00
5.560000e+08,-9.082031e-01,-2.133789e+00,-3.286133e+00,-4.101562e+00
5.573333e+08,-8.740234e-01,-2.172852e+00,-3.251953e+00,-4.042969e+00
5.586667e+08,-1.020508e+00,-2.275391e+00,-3.334961e+00,-4.150391e+00
5.600000e+08,-9.277344e-01,-2.207031e+00,-3.300781e+00,-4.106445e+00
5.613333e+08,-9.521484e-01,-2.211914e+00,-3.286133e+00,-4.160156e+00
5.626667e+08,-8.935547e-01,-2.236328e+00,-3.281250e+00,-4.101562e+00
5.640000e+08,-9.423828e-01,-2.187500e+00,-3.291016e+00,-4.111328e+00
5.653333e+08,-9.228516e-01,-2.202148e+00,-3.237305e+00,-4.062500e+00
5.666667e+08,-9.423828e-01,-2.211914e+00,-3.286133e+00,-4.077148e+00
5.680000e+08,-9.228516e-01,-2.187500e+00,-3.256836e+00,-4.057617e+00
5.693333e+08,-9.472656e-01,-2.216797e+00,-3.256836e+00,-3.959961e+00
5.706667e+08,-9.179688e-01,-2.143555e+00,-3.256836e+00,-4.033203e+00
5.720000e+08,-9.375000e-01,-2.182617e+00,-3.237305e+00,-4.057617e+00
5.733333e+08,-8.789062e-01,-2.138672e+00,-3.188477e+00,-3.969727e+00
5.746667e+08,-8.593750e-01,-2.128906e+00,-3.144531e+00,-3.930664e+00
5.760000e+08,-8.837891e-01,-2.172852e+00,-3.203125e+00,-4.008789e+00
5.773333e+08,-8.007812e-01,-2.109375e+00,-3.120117e+00,-3.920898e+00
5.786667e+08,-8.935547e-01,-2.153320e+00,-3.095703e+00,-3.950195e+00
5.800000e+08,-8.398438e-01,-2.119141e+00,-3.139648e+00,-3.886719e+00
5.813333e+08,-8.349609e-01,-2.045898e+00,-3.095703e+00,-3.847656e+00
5.826667e+08,-9.033203e-01,-2.045898e+00,-3.125000e+00,-3.916016e+00
5.840000e+08,-9.423828e-01,-2.109375e+00,-3.178711e+00,-3.842773e+00
5.853333e+08,-8.984375e-01,-2.099609e+00,-3.134766e+00,-3.867188e+00
5.866667e+08,-8.642578e-01,-2.055664e+00,-3.081055e+00,-3.808594e+00
5.880000e+08,-8.300781e-01,-1.967773e+00,-3.046875e+00,-3.754883e+00
5.893333e+08,-8.496094e-01,-1.972656e+00,-3.032227e+00,-3.793945e+00
5.906667e+08,-8.203125e-01,-1.918945e+00,-3.017578e+00,-3.754883e+00
5.920000e+08,-8.154297e-01,-1.972656e+00,-2.988281e+00,-3.764648e+00
5.933333e+08,-8.056641e-01,-1.914062e+00,-2.988281e+00,-3.657227e+00
5.946667e+08,-8.496094e-01,-1.953125e+00,-2.988281e+00,-3.740234e+00
5.960000e+08,-8.447266e-01,-1.875000e+00,-3.012695e+00,-3.696289e+00
5.973333e+08,-7.519531e-01,-1.904297e+00,-2.915039e+00,-3.686523e+00
5.986667e+08,-8.398438e-01,-1.918945e+00,-3.027344e+00,-3.725586e+00
6.000000e+08,-7.617188e-01,-1.821289e+00,-2.983398e+00,-3.691406e+00
6.013333e+08,-8.105469e-01,-1.806641e+00,-2.836914e+00,-3.627930e+00
6.026667e+08,-8.642578e-01,-1.894531e+00,-3.012695e+00,-3.691406e+00
6.040000e+08,-7.958984e-01,-1.811523e+00,-2.944336e+00,-3.652344e+00
6.053333e+08,-7.470703e-01,-1.811523e+00,-2.915039e+00,-3.642578e+00
6.066667e+08,-8.007812e-01,-1.816406e+00,-2.934570e+00,-3.681641e+00
6.080000e+08,-7.763672e-01,-1.767578e+00,-2.934570e+00,-3.632812e+00
6.093333e+08,-8.154297e-01,-1.777344e+00,-2.983398e+00,-3.647461e+00
6.106667e+08,-8.105469e-01,-1.713867e+00,-2.905273e+00,-3.579102e+00
6.120000e+08,-7.226562e-01,-1.752930e+00,-2.851562e+00,-3.618164e+00
6.133333e+08,-7.763672e-01,-1.748047e+00,-2.885742e+00,-3.618164e+00
6.146667e+08,-7.812500e-01,-1.748047e+00,-2.910156e+00,-3.618164e+00
6.160000e+08,-7.373047e-01,-1.689453e+00,-2.900391e+00,-3.627930e+00
6.173333e+08,-7.958984e-01,-1.787109e+00,-2.949219e+00,-3.671875e+00
6.186667e+08,-7.910156e-01,-1.723633e+00,-2.846680e+00,-3.623047e+00
6.200000e+08,-8.300781e-01,-1.762695e+00,-2.944336e+00,-3.593750e+00
6.213333e+08,-7.519531e-01,-1.752930e+00,-2.939453e+00,-3.666992e+00
6.226667e+08,-8.300781e-01,-1.772461e+00,-2.934570e+00,-3.691406e+00
6.240000e+08,-7.666016e-01,-1.728516e+00,-2.895508e+00,-3.613281e+00
6.253333e+08,-7.958984e-01,-1.723633e+00,-2.949219e+00,-3.657227e+00
6.266667e+08,-8.496094e-01,-1.767578e+00,-2.954102e+00,-3.710938e+00
6.280000e+08,-7.763672e-01,-1.738281e+00,-2.934570e+00,-3.671875e+00
6.293333e+08,-7.763672e-01,-1.748047e+00,-2.910156e+00,-3.720703e+00
6.306667e+08,-8.105469e-01,-1.718750e+00,-2.939453e+00,-3.720703e+00
6.320000e+08,-7.763672e-01,-1.723633e+00,-2.973633e+00,-3.701172e+00
6.333333e+08,-7.958984e-01,-1.704102e+00,-2.988281e+00,-3.715820e+00
6.346667e+08,-8.496094e-01,-1.748047e+00,-2.988281e+00,-3.720703e+00
6.360000e+08,-7.958984e-01,-1.723633e+00,-2.944336e+00,-3.681641e+00
6.373333e+08,-8.007812e-01,-1.738281e+00,-2.939453e+00,-3.769531e+00
6.386667e+08,-8.447266e-01,-1.791992e+00,-3.056641e+00,-3.847656e+00
6.400000e+08,-8.398438e-01,-1.777344e+00,-2.958984e+00,-3.818359e+00
6.413333e+08,-8.496094e-01,-1.694336e+00,-3.007812e+00,-3.720703e+00
6.426667e+08,-8.886719e-01,-1.806641e+00,-2.993164e+00,-3.808594e+00
6.440000e+08,-8.300781e-01,-1.708984e+00,-3.002930e+00,-3.818359e+00
6.453333e+08,-8.203125e-01,-1.806641e+00,-2.871094e+00,-3.754883e+00
6.466667e+08,-8.203125e-01,-1.777344e+00,-2.973633e+00,-3.774414e+00
6.480000e+08,-8.544922e-01,-1.767578e+00,-2.998047e+00,-3.872070e+00
6.493333e+08,-8.740234e-01,-1.777344e+00,-2.939453e+00,-3.847656e+00
6.506667e+08,-7.861328e-01,-1.806641e+00,-2.968750e+00,-3.784180e+00
6.520000e+08,-8.105469e-01,-1.791992e+00,-2.915039e+00,-3.798828e+00
6.533333e+08,-9.033203e-01,-1.899414e+00,-3.085938e+00,-3.862305e+00
6.546667e+08,-8.886719e-01,-1.796875e+00,-3.022461e+00,-3.808594e+00
6.560000e+08,-8.789062e-01,-1.835938e+00,-3.027344e+00,-3.881836e+00
6.573333e+08,-9.082031e-01,-1.831055e+00,-3.022461e+00,-3.842773e+00
6.586667e+08,-8.642578e-01,-1.826172e+00,-3.022461e+00,-3.828125e+00
6.600000e+08,-8.691406e-01,-1.870117e+00,-2.978516e+00,-3.813477e+00
6.613333e+08,-9.423828e-01,-1.899414e+00,-3.027344e+00,-3.935547e+00
6.626667e+08,-8.837891e-01,-1.831055e+00,-2.968750e+00,-3.837891e+00
6.640000e+08,-9.375000e-01,-1.889648e+00,-2.993164e+00,-3.833008e+00
6.653333e+08,-9.082031e-01,-1.884766e+00,-2.958984e+00,-3.862305e+00
6.666667e+08,-8.837891e-01,-1.850586e+00,-3.017578e+00,-3.867188e+00
6.680000e+08,-8.935547e-01,-1.894531e+00,-2.944336e+00,-3.891602e+00
6.693333e+08,-9.228516e-01,-1.879883e+00,-3.051758e+00,-3.891602e+00
6.706667e+08,-9.326172e-01,-1.894531e+00,-3.041992e+00,-3.896484e+00
6.720000e+08,-8.935547e-01,-1.821289e+00,-2.998047e+00,-3.862305e+00
6.733333e+08,-9.619141e-01,-1.972656e+00,-3.046875e+00,-3.876953e+00
6.746667e+08,-9.033203e-01,-1.904297e+00,-2.973633e+00,-3.862305e+00
6.760000e+08,-9.960938e-01,-1.967773e+00,-3.037109e+00,-3.930664e+00
6.773333e+08,-9.716797e-01,-1.967773e+00,-3.076172e+00,-3.930664e+00
6.786667e+08,-8.984375e-01,-1.894531e+00,-2.973633e+00,-3.881836e+00
6.800000e+08,-8.740234e-01,-1.923828e+00,-2.988281e+00,-3.857422e+00
6.813333e+08,-8.984375e-01,-1.875000e+00,-2.963867e+00,-3.808594e+00
6.826667e+08,-8.984375e-01,-1.918945e+00,-3.046875e+00,-3.813477e+00
6.840000e+08,-9.375000e-01,-1.865234e+00,-3.061523e+00,-3.964844e+00
6.853333e+08,-9.033203e-01,-1.909180e+00,-2.983398e+00,-3.896484e+00
6.866667e+08,-8.789062e-01,-1.889648e+00,-3.051758e+00,-3.842773e+00
6.880000e+08,-9.375000e-01,-1.914062e+00,-2.998047e+00,-3.881836e+00
6.893333e+08,-8.935547e-01,-1.928711e+00,-3.061523e+00,-3.886719e+00
6.906667e+08,-9.130859e-01,-1.938477e+00,-3.022461e+00,-3.867188e+00
6.920000e+08,-9.277344e-01,-1.918945e+00,-3.007812e+00,-3.916016e+00
6.933333e+08,-8.740234e-01,-1.972656e+00,-3.041992e+00,-3.959961e+00
6.946667e+08,-8.593750e-01,-1.889648e+00,-3.007812e+00,-3.876953e+00
6.960000e+08,-8.398438e-01,-1.914062e+00,-2.973633e+00,-3.867188e+00
6.973333e+08,-8.496094e-01,-1.948242e+00,-2.993164e+00,-3.881836e+00
6.986667e+08,-8.691406e-01,-1.938477e+00,-3.061523e+00,-3.896484e+00
7.000000e+08,-9.472656e-01,-1.948242e+00,-3.090820e+00,-3.920898e+00
7.013333e+08,-8.984375e-01,-1.923828e+00,-3.002930e+00,-3.911133e+00
7.026667e+08,-8.691406e-01,-1.938477e+00,-3.085938e+00,-3.881836e+00
7.040000e+08,-9.326172e-01,-1.992188e+00,-3.125000e+00,-3.886719e+00
7.053333e+08,-8.447266e-01,-1.958008e+00,-2.973633e+00,-3.813477e+00
7.066667e+08,-9.228516e-01,-1.977539e+00,-3.139648e+00,-3.969727e+00
7.080000e+08,-9.375000e-01,-1.987305e+00,-3.173828e+00,-3.964844e+00
7.093333e+08,-8.984375e-01,-1.948242e+00,-3.120117e+00,-3.950195e+00
7.106667e+08,-9.277344e-01,-2.001953e+00,-3.100586e+00,-3.935547e+00
7.120000e+08,-9.033203e-01,-1.943359e+00,-3.046875e+00,-3.920898e+00
7.133333e+08,-9.033203e-01,-1.938477e+00,-3.071289e+00,-3.847656e+00
7.146667e+08,-8.837891e-01,-1.953125e+00,-3.090820e+00,-3.950195e+00
7.160000e+08,-8.691406e-01,-1.962891e+00,-3.115234e+00,-3.896484e+00
7.173333e+08,-8.935547e-01,-1.948242e+00,-3.203125e+00,-3.950195e+00
7.186667e+08,-8.740234e-01,-1.914062e+00,-3.085938e+00,-3.945312e+00
7.200000e+08,-9.375000e-01,-1.948242e+00,-3.134766e+00,-3.969727e+00
7.213333e+08,-8.593750e-01,-1.958008e+00,-3.115234e+00,-3.940430e+00
7.226667e+08,-8.837891e-01,-1.904297e+00,-3.090820e+00,-3.881836e+00
7.240000e+08,-8.740234e-01,-1.904297e+00,-3.173828e+00,-4.003906e+00
7.253333e+08,-9.326172e-01,-1.914062e+00,-3.105469e+00,-3.994141e+00
7.266667e+08,-9.716797e-01,-1.982422e+00,-3.232422e+00,-4.047852e+00
7.280000e+08,-9.716797e-01,-1.962891e+00,-3.237305e+00,-3.994141e+00
7.293333e+08,-9.521484e-01,-1.933594e+00,-3.159180e+00,-3.979492e+00
7.306667e+08,-9.082031e-01,-1.879883e+00,-3.046875e+00,-3.994141e+00
7.320000e+08,-9.667969e-01,-1.977539e+00,-3.168945e+00,-3.974609e+00
7.333333e+08,-9.765625e-01,-1.958008e+00,-3.183594e+00,-4.062500e+00
7.346667e+08,-9.960938e-01,-1.982422e+00,-3.208008e+00,-4.028320e+00
7.360000e+08,-9.570312e-01,-1.958008e+00,-3.203125e+00,-4.013672e+00
7.373333e+08,-8.984375e-01,-1.865234e+00,-3.110352e+00,-4.008789e+00
7.386667e+08,-9.667969e-01,-1.928711e+00,-3.173828e+00,-4.003906e+00
7.400000e+08,-9.570312e-01,-1.889648e+00,-3.193359e+00,-4.033203e+00
7.413333e+08,-8.300781e-01,-1.806641e+00,-3.066406e+00,-3.925781e+00
7.426667e+08,-9.179688e-01,-1.904297e+00,-3.115234e+00,-4.023438e+00
7.440000e+08,-9.863281e-01,-1.958008e+00,-3.203125e+00,-4.062500e+00
7.453333e+08,-9.814453e-01,-1.821289e+00,-3.110352e+00,-3.881836e+00
7.466667e+08,-9.326172e-01,-1.889648e+00,-3.095703e+00,-3.925781e+00
7.480000e+08,-9.472656e-01,-1.875000e+00,-3.081055e+00,-4.003906e+00
7.493333e+08,-9.716797e-01,-1.899414e+00,-3.149414e+00,-4.018555e+00
7.506667e+08,-9.130859e-01,-1.801758e+00,-2.905273e+00,-3.881836e+00
7.520000e+08,-8.691406e-01,-1.821289e+00,-3.046875e+00,-3.881836e+00
7.533333e+08,-9.228516e-01,-1.918945e+00,-3.120117e+00,-3.911133e+00
7.546667e+08,-8.935547e-01,-1.840820e+00,-3.081055e+00,-3.798828e+00
7.560000e+08,-8.496094e-01,-1.762695e+00,-2.968750e+00,-3.793945e+00
7.573333e+08,-8.544922e-01,-1.826172e+00,-3.027344e+00,-3.818359e+00
7.586667e+08,-8.691406e-01,-1.801758e+00,-3.027344e+00,-3.833008e+00
7.600000e+08,-8.886719e-01,-1.704102e+00,-3.007812e+00,-3.876953e+00
7.613333e+08,-7.666016e-01,-1.796875e+00,-2.958984e+00,-3.857422e+00
7.626667e+08,-7.666016e-01,-1.665039e+00,-2.875977e+00,-3.740234e+00
7.640000e+08,-8.593750e-01,-1.743164e+00,-2.954102e+00,-3.808594e+00
7.653333e+08,-7.958984e-01,-1.791992e+00,-2.875977e+00,-3.715820e+00
7.666667e+08,-7.910156e-01,-1.665039e+00,-2.890625e+00,-3.662109e+00
7.680000e+08,-8.935547e-01,-1.787109e+00,-2.890625e+00,-3.789062e+00
7.693333e+08,-7.812500e-01,-1.718750e+00,-2.817383e+00,-3.725586e+00
7.706667e+08,-8.544922e-01,-1.743164e+00,-2.866211e+00,-3.657227e+00
7.720000e+08,-8.105469e-01,-1.708984e+00,-2.871094e+00,-3.706055e+00
7.733333e+08,-8.056641e-01,-1.728516e+00,-2.788086e+00,-3.632812e+00
7.746667e+08,-8.154297e-01,-1.684570e+00,-2.856445e+00,-3.676758e+00
7.760000e+08,-7.519531e-01,-1.611328e+00,-2.783203e+00,-3.554688e+00
7.773333e+08,-7.519531e-01,-1.596680e+00,-2.792969e+00,-3.559570e+00
7.786667e+08,-7.421875e-01,-1.591797e+00,-2.744141e+00,-3.569336e+00
7.800000e+08,-7.031250e-01,-1.596680e+00,-2.758789e+00,-3.496094e+00
7.813333e+08,-6.982422e-01,-1.577148e+00,-2.690430e+00,-3.579102e+00
7.826667e+08,-6.689453e-01,-1.567383e+00,-2.666016e+00,-3.564453e+00
7.840000e+08,-7.080078e-01,-1.586914e+00,-2.709961e+00,-3.525391e+00
7.853333e+08,-7.373047e-01,-1.621094e+00,-2.729492e+00,-3.583984e+00
7.866667e+08,-7.470703e-01,-1.562500e+00,-2.739258e+00,-3.569336e+00
7.880000e+08,-8.007812e-01,-1.616211e+00,-2.724609e+00,-3.588867e+00
7.893333e+08,-7.226562e-01,-1.572266e+00,-2.670898e+00,-3.505859e+00
7.906667e+08,-7.080078e-01,-1.567383e+00,-2.680664e+00,-3.505859e+00
7.920000e+08,-7.910156e-01,-1.630859e+00,-2.788086e+00,-3.544922e+00
7.933333e+08,-7.470703e-01,-1.538086e+00,-2.719727e+00,-3.486328e+00
7.946667e+08,-7.324219e-01,-1.606445e+00,-2.670898e+00,-3.569336e+00
7.960000e+08,-6.201172e-01,-1.523438e+00,-2.719727e+00,-3.481445e+00
7.973333e+08,-6.982422e-01,-1.582031e+00,-2.739258e+00,-3.500977e+00
7.986667e+08,-7.177734e-01,-1.577148e+00,-2.680664e+00,-3.515625e+00
8.000000e+08,-7.226562e-01,-1.601562e+00,-2.724609e+00,-3.588867e+00
8.013333e+08,-8.154297e-01,-1.723633e+00,-2.875977e+00,-3.691406e+00
8.026667e+08,-7.080078e-01,-1.582031e+00,-2.749023e+00,-3.618164e+00
8.040000e+08,-6.591797e-01,-1.557617e+00,-2.709961e+00,-3.579102e+00
8.053333e+08,-7.373047e-01,-1.635742e+00,-2.822266e+00,-3.662109e+00
8.066667e+08,-7.031250e-01,-1.586914e+00,-2.758789e+00,-3.623047e+00
8.080000e+08,-8.203125e-01,-1.708984e+00,-2.807617e+00,-3.666992e+00
8.093333e+08,-7.470703e-01,-1.625977e+00,-2.768555e+00,-3.632812e+00
8.106667e+08,-6.787109e-01,-1.625977e+00,-2.778320e+00,-3.608398e+00
8.120000e+08,-6.884766e-01,-1.591797e+00,-2.778320e+00,-3.554688e+00
8.133333e+08,-7.177734e-01,-1.640625e+00,-2.778320e+00,-3.671875e+00
8.146667e+08,-7.763672e-01,-1.640625e+00,-2.851562e+00,-3.691406e+00
8.160000e+08,-7.958984e-01,-1.665039e+00,-2.827148e+00,-3.681641e+00
8.173333e+08,-7.714844e-01,-1.635742e+00,-2.753906e+00,-3.681641e+00
8.186667e+08,-7.910156e-01,-1.674805e+00,-2.841797e+00,-3.740234e+00
8.200000e+08,-7.958984e-01,-1.704102e+00,-2.861328e+00,-3.715820e+00
8.213333e+08,-7.910156e-01,-1.650391e+00,-2.856445e+00,-3.764648e+00
8.226667e+08,-8.007812e-01,-1.669922e+00,-2.900391e+00,-3.710938e+00
8.240000e+08,-8.496094e-01,-1.752930e+00,-2.919922e+00,-3.764648e+00
8.253333e+08,-8.056641e-01,-1.738281e+00,-2.905273e+00,-3.769531e+00
8.266667e+08,-8.447266e-01,-1.777344e+00,-2.910156e+00,-3.828125e+00
8.280000e+08,-8.056641e-01,-1.665039e+00,-2.885742e+00,-3.813477e+00
8.293333e+08,-8.203125e-01,-1.787109e+00,-2.919922e+00,-3.872070e+00
8.306667e+08,-8.105469e-01,-1.704102e+00,-2.934570e+00,-3.837891e+00
8.320000e+08,-8.496094e-01,-1.674805e+00,-2.968750e+00,-3.793945e+00
8.333333e+08,-8.544922e-01,-1.752930e+00,-2.978516e+00,-3.876953e+00
8.346667e+08,-8.154297e-01,-1.728516e+00,-2.934570e+00,-3.872070e+00
8.360000e+08,-7.666016e-01,-1.713867e+00,-2.871094e+00,-3.828125e+00
8.373333e+08,-8.349609e-01,-1.787109e+00,-2.944336e+00,-3.852539e+00
8.386667e+08,-8.447266e-01,-1.723633e+00,-2.939453e+00,-3.828125e+00
8.400000e+08,-8.349609e-01,-1.752930e+00,-3.037109e+00,-3.842773e+00
8.413333e+08,-7.470703e-01,-1.718750e+00,-2.973633e+00,-3.881836e+00
8.426667e+08,-8.447266e-01,-1.718750e+00,-3.007812e+00,-3.857422e+00
8.440000e+08,-8.154297e-01,-1.782227e+00,-3.022461e+00,-3.959961e+00
8.453333e+08,-8.496094e-01,-1.796875e+00,-2.998047e+00,-3.847656e+00
8.466667e+08,-8.300781e-01,-1.733398e+00,-2.963867e+00,-3.867188e+00
8.480000e+08,-8.105469e-01,-1.738281e+00,-2.963867e+00,-3.862305e+00
8.493333e+08,-7.324219e-01,-1.777344e+00,-2.895508e+00,-3.745117e+00
8.506667e+08,-8.056641e-01,-1.723633e+00,-2.983398e+00,-3.833008e+00
8.520000e+08,-7.861328e-01,-1.752930e+00,-2.998047e+00,-3.837891e+00
8.533333e+08,-8.789062e-01,-1.782227e+00,-3.007812e+00,-3.979492e+00
8.546667e+08,-7.714844e-01,-1.757812e+00,-2.988281e+00,-3.876953e+00
8.560000e+08,-8.496094e-01,-1.826172e+00,-3.046875e+00,-3.920898e+00
8.573333e+08,-9.423828e-01,-1.845703e+00,-3.027344e+00,-3.959961e+00
8.586667e+08,-8.154297e-01,-1.728516e+00,-3.046875e+00,-3.881836e+00
8.600000e+08,-8.300781e-01,-1.772461e+00,-3.002930e+00,-3.940430e+00
8.613333e+08,-8.056641e-01,-1.757812e+00,-2.968750e+00,-3.916016e+00
8.626667e+08,-8.593750e-01,-1.855469e+00,-3.022461e+00,-3.935547e+00
8.640000e+08,-8.398438e-01,-1.757812e+00,-3.027344e+00,-3.925781e+00
8.653333e+08,-8.251953e-01,-1.762695e+00,-2.958984e+00,-3.969727e+00
8.666667e+08,-8.300781e-01,-1.801758e+00,-3.071289e+00,-3.974609e+00
8.680000e+08,-8.203125e-01,-1.816406e+00,-3.066406e+00,-3.935547e+00
8.693333e+08,-7.421875e-01,-1.787109e+00,-2.968750e+00,-3.862305e+00
8.706667e+08,-8.349609e-01,-1.787109e+00,-3.071289e+00,-3.891602e+00
8.720000e+08,-8.789062e-01,-1.865234e+00,-3.061523e+00,-3.872070e+00
8.733333e+08,-7.812500e-01,-1.743164e+00,-3.032227e+00,-3.945312e+00
8.746667e+08,-7.812500e-01,-1.689453e+00,-2.988281e+00,-3.881836e+00
8.760000e+08,-8.398438e-01,-1.796875e+00,-3.032227e+00,-3.979492e+00
8.773333e+08,-8.398438e-01,-1.787109e+00,-3.027344e+00,-3.955078e+00
8.786667e+08,-8.398438e-01,-1.806641e+00,-3.115234e+00,-3.974609e+00
8.800000e+08,-7.617188e-01,-1.777344e+00,-2.988281e+00,-3.964844e+00
8.813333e+08,-8.642578e-01,-1.821289e+00,-3.110352e+00,-3.974609e+00
8.826667e+08,-7.666016e-01,-1.767578e+00,-3.002930e+00,-3.945312e+00
8.840000e+08,-7.910156e-01,-1.787109e+00,-3.061523e+00,-3.979492e+00
8.853333e+08,-7.958984e-01,-1.826172e+00,-3.032227e+00,-4.023438e+00
8.866667e+08,-7.568359e-01,-1.772461e+00,-3.139648e+00,-3.984375e+00
8.880000e+08,-8.398438e-01,-1.811523e+00,-3.129883e+00,-4.038086e+00
8.893333e+08,-7.617188e-01,-1.801758e+00,-3.081055e+00,-3.984375e+00
8.906667e+08,-7.666016e-01,-1.816406e+00,-3.134766e+00,-3.920898e+00
8.920000e+08,-7.617188e-01,-1.835938e+00,-3.129883e+00,-4.003906e+00
8.933333e+08,-8.007812e-01,-1.811523e+00,-3.168945e+00,-3.979492e+00
8.946667e+08,-8.349609e-01,-1.845703e+00,-3.178711e+00,-4.101562e+00
8.960000e+08,-8.203125e-01,-1.801758e+00,-3.110352e+00,-4.008789e+00
8.973333e+08,-7.861328e-01,-1.850586e+00,-3.164062e+00,-4.033203e+00
8.986667e+08,-7.958984e-01,-1.831055e+00,-3.149414e+00,-3.955078e+00
9.000000e+08,-8.837891e-01,-1.821289e+00,-3.134766e+00,-3.881836e+00
9.013333e+08,-8.789062e-01,-1.933594e+00,-3.271484e+00,-4.140625e+00
9.026667e+08,-8.154297e-01,-1.845703e+00,-3.134766e+00,-3.979492e+00
9.040000e+08,-8.837891e-01,-1.875000e+00,-3.227539e+00,-4.096680e+00
9.053333e+08,-8.447266e-01,-1.865234e+00,-3.222656e+00,-4.018555e+00
9.066667e+08,-7.958984e-01,-1.796875e+00,-3.129883e+00,-4.023438e+00
9.080000e+08,-8.447266e-01,-1.875000e+00,-3.212891e+00,-3.984375e+00
9.093333e+08,-8.837891e-01,-1.831055e+00,-3.193359e+00,-4.072266e+00
9.106667e+08,-7.714844e-01,-1.787109e+00,-3.154297e+00,-4.072266e+00
9.120000e+08,-8.593750e-01,-1.801758e+00,-3.198242e+00,-4.033203e+00
9.133333e+08,-8.447266e-01,-1.811523e+00,-3.134766e+00,-4.018555e+00
9.146667e+08,-8.251953e-01,-1.791992e+00,-3.178711e+00,-3.984375e+00
9.160000e+08,-8.398438e-01,-1.791992e+00,-3.159180e+00,-3.999023e+00
9.173333e+08,-8.251953e-01,-1.821289e+00,-3.188477e+00,-3.994141e+00
9.186667e+08,-8.398438e-01,-1.811523e+00,-3.149414e+00,-4.072266e+00
9.200000e+08,-8.447266e-01,-1.738281e+00,-3.212891e+00,-4.077148e+00
9.213333e+08,-8.203125e-01,-1.718750e+00,-3.139648e+00,-3.969727e+00
9.226667e+08,-8.642578e-01,-1.777344e+00,-3.056641e+00,-3.955078e+00
9.240000e+08,-8.398438e-01,-1.699219e+00,-3.139648e+00,-3.916016e+00
9.253333e+08,-8.349609e-01,-1.630859e+00,-3.110352e+00,-3.964844e+00
9.266667e+08,-8.447266e-01,-1.684570e+00,-3.110352e+00,-3.955078e+00
9.280000e+08,-8.056641e-01,-1.723633e+00,-3.032227e+00,-3.881836e+00
9.293333e+08,-8.154297e-01,-1.699219e+00,-3.012695e+00,-3.920898e+00
9.306667e+08,-7.910156e-01,-1.582031e+00,-2.900391e+00,-3.920898e+00
9.320000e+08,-7.812500e-01,-1.621094e+00,-3.027344e+00,-3.852539e+00
9.333333e+08,-7.812500e-01,-1.684570e+00,-2.890625e+00,-3.876953e+00
9.346667e+08,-8.349609e-01,-1.645508e+00,-2.998047e+00,-3.896484e+00
9.360000e+08,-8.398438e-01,-1.586914e+00,-2.983398e+00,-3.872070e+00
9.373333e+08,-7.861328e-01,-1.567383e+00,-3.017578e+00,-3.847656e+00
9.386667e+08,-8.447266e-01,-1.621094e+00,-2.963867e+00,-3.769531e+00
9.400000e+08,-6.884766e-01,-1.450195e+00,-2.905273e+00,-3.759766e+00
9.413333e+08,-7.763672e-01,-1.562500e+00,-2.998047e+00,-3.857422e+00
9.426667e+08,-8.105469e-01,-1.538086e+00,-2.939453e+00,-3.662109e+00
9.440000e+08,-8.496094e-01,-1.596680e+00,-2.866211e+00,-3.720703e+00
9.453333e+08,-8.349609e-01,-1.606445e+00,-2.983398e+00,-3.793945e+00
9.466667e+08,-7.470703e-01,-1.528320e+00,-2.871094e+00,-3.720703e+00
9.480000e+08,-7.958984e-01,-1.538086e+00,-2.939453e+00,-3.745117e+00
9.493333e+08,-8.251953e-01,-1.547852e+00,-2.963867e+00,-3.735352e+00
9.506667e+08,-7.910156e-01,-1.557617e+00,-2.954102e+00,-3.740234e+00
9.520000e+08,-7.714844e-01,-1.494141e+00,-2.919922e+00,-3.735352e+00
9.533333e+08,-7.910156e-01,-1.542969e+00,-2.846680e+00,-3.686523e+00
9.546667e+08,-7.470703e-01,-1.489258e+00,-2.871094e+00,-3.720703e+00
9.560000e+08,-7.714844e-01,-1.469727e+00,-2.954102e+00,-3.720703e+00
9.573333e+08,-7.910156e-01,-1.464844e+00,-2.895508e+00,-3.754883e+00
9.586667e+08,-7.617188e-01,-1.542969e+00,-2.871094e+00,-3.754883e+00
9.600000e+08,-7.861328e-01,-1.533203e+00,-2.915039e+00,-3.793945e+00
9.613333e+08,-7.568359e-01,-1.513672e+00,-2.919922e+00,-3.735352e+00
9.626667e+08,-8.007812e-01,-1.542969e+00,-2.910156e+00,-3.754883e+00
9.640000e+08,-8.056641e-01,-1.547852e+00,-2.866211e+00,-3.774414e+00
9.653333e+08,-8.056641e-01,-1.459961e+00,-2.895508e+00,-3.637695e+00
9.666667e+08,-7.421875e-01,-1.406250e+00,-2.846680e+00,-3.750000e+00
9.680000e+08,-7.470703e-01,-1.513672e+00,-2.885742e+00,-3.686523e+00
9.693333e+08,-8.593750e-01,-1.567383e+00,-2.919922e+00,-3.798828e+00
9.706667e+08,-6.250000e-01,-1.416016e+00,-2.851562e+00,-3.662109e+00
9.720000e+08,-7.519531e-01,-1.489258e+00,-2.846680e+00,-3.735352e+00
9.733333e+08,-7.568359e-01,-1.499023e+00,-2.885742e+00,-3.789062e+00
9.746667e+08,-7.617188e-01,-1.464844e+00,-2.832031e+00,-3.725586e+00
9.760000e+08,-7.324219e-01,-1.499023e+00,-2.861328e+00,-3.779297e+00
9.773333e+08,-7.568359e-01,-1.513672e+00,-2.880859e+00,-3.774414e+00
9.786667e+08,-7.470703e-01,-1.499023e+00,-2.895508e+00,-3.774414e+00
9.800000e+08,-7.812500e-01,-1.445312e+00,-2.875977e+00,-3.808594e+00
9.813333e+08,-7.714844e-01,-1.518555e+00,-2.919922e+00,-3.769531e+00
9.826667e+08,-7.861328e-01,-1.518555e+00,-2.919922e+00,-3.823242e+00
9.840000e+08,-6.738281e-01,-1.469727e+00,-2.797852e+00,-3.798828e+00
9.853333e+08,-7.568359e-01,-1.528320e+00,-2.905273e+00,-3.803711e+00
9.866667e+08,-7.861328e-01,-1.489258e+00,-2.973633e+00,-3.798828e+00
9.880000e+08,-7.666016e-01,-1.547852e+00,-2.919922e+00,-3.793945e+00
9.893333e+08,-7.910156e-01,-1.567383e+00,-3.002930e+00,-3.916016e+00
9.906667e+08,-7.226562e-01,-1.547852e+00,-2.993164e+00,-3.906250e+00
9.920000e+08,-8.007812e-01,-1.586914e+00,-2.968750e+00,-3.857422e+00
9.933333e+08,-7.812500e-01,-1.528320e+00,-2.929688e+00,-3.833008e+00
9.946667e+08,-6.982422e-01,-1.538086e+00,-2.973633e+00,-3.833008e+00
9.960000e+08,-7.080078e-01,-1.591797e+00,-2.924805e+00,-3.896484e+00
9.973333e+08,-7.763672e-01,-1.547852e+00,-2.983398e+00,-3.906250e+00
9.986667e+08,-7.861328e-01,-1.591797e+00,-3.012695e+00,-3.911133e+00
1.000000e+09,-8.251953e-01,-1.606445e+00,-2.968750e+00,-3.945312e+00
