No.,FREQUENCY(MHz),Z,D,PH
1,0.1000,38.7182,0.11666,-83.3460
2,0.1008,38.4429,0.11704,-83.3250
3,0.1016,38.1675,0.11748,-83.2990
4,0.1024,37.8984,0.11778,-83.2830
5,0.1032,37.6289,0.11818,-83.2600
6,0.1040,37.3589,0.11855,-83.2390
7,0.1048,37.0957,0.11895,-83.2170
8,0.1056,36.8291,0.1193,-83.1970
9,0.1064,36.5668,0.11972,-83.1730
10,0.1073,36.3091,0.12014,-83.1500
11,0.1081,36.0499,0.12043,-83.1330
12,0.1089,35.7953,0.12086,-83.1080
13,0.1098,35.5396,0.12123,-83.0880
14,0.1106,35.2854,0.12166,-83.0630
15,0.1115,35.0364,0.12203,-83.0430
16,0.1124,34.7867,0.1224,-83.0210
17,0.1133,34.5360,0.12288,-82.9950
18,0.1141,34.2894,0.12323,-82.9750
19,0.1150,34.0459,0.1236,-82.9540
20,0.1159,33.8021,0.12399,-82.9320
21,0.1168,33.5614,0.12443,-82.9070
22,0.1177,33.3231,0.12484,-82.8840
23,0.1187,33.0841,0.12524,-82.8610
24,0.1196,32.8470,0.12565,-82.8380
25,0.1205,32.6153,0.12606,-82.8150
26,0.1215,32.3814,0.12647,-82.7920
27,0.1224,32.1513,0.12688,-82.7690
28,0.1234,31.9182,0.12736,-82.7420
29,0.1243,31.6921,0.12768,-82.7240
30,0.1253,31.4645,0.12813,-82.6990
31,0.1263,31.2407,0.12854,-82.6750
32,0.1273,31.0163,0.12899,-82.6500
33,0.1283,30.7968,0.12941,-82.6260
34,0.1293,30.5758,0.12978,-82.6050
35,0.1303,30.3589,0.13025,-82.5790
36,0.1313,30.1419,0.13067,-82.5550
37,0.1323,29.9273,0.13112,-82.5300
38,0.1334,29.7119,0.13161,-82.5020
39,0.1344,29.5002,0.13203,-82.4790
40,0.1354,29.2886,0.13237,-82.4600
41,0.1365,29.0797,0.13289,-82.4310
42,0.1376,28.8725,0.13331,-82.4070
43,0.1386,28.6652,0.13376,-82.3810
44,0.1397,28.4610,0.13418,-82.3580
45,0.1408,28.2571,0.13466,-82.3310
46,0.1419,28.0563,0.13511,-82.3060
47,0.1430,27.8563,0.13561,-82.2770
48,0.1441,27.6589,0.1360,-82.2550
49,0.1453,27.4617,0.13652,-82.2260
50,0.1464,27.2648,0.13692,-82.2040
51,0.1475,27.0705,0.13738,-82.1780
52,0.1487,26.8775,0.13783,-82.1520
53,0.1499,26.6855,0.13827,-82.1280
54,0.1510,26.4951,0.13879,-82.0990
55,0.1522,26.3051,0.13929,-82.0700
56,0.1534,26.1169,0.13973,-82.0460
57,0.1546,25.9339,0.1402,-82.0190
58,0.1558,25.7472,0.14068,-81.9920
59,0.1570,25.5636,0.14115,-81.9660
60,0.1582,25.3824,0.14167,-81.9370
61,0.1595,25.2007,0.1421,-81.9120
62,0.1607,25.0218,0.14259,-81.8850
63,0.1620,24.8419,0.14307,-81.8580
64,0.1632,24.6658,0.14356,-81.8300
65,0.1645,24.4892,0.14401,-81.8050
66,0.1658,24.3159,0.1445,-81.7780
67,0.1671,24.1420,0.14502,-81.7480
68,0.1684,23.9697,0.14551,-81.7210
69,0.1697,23.7994,0.14603,-81.6920
70,0.1710,23.6299,0.14653,-81.6640
71,0.1724,23.4606,0.14702,-81.6360
72,0.1737,23.2952,0.14754,-81.6070
73,0.1751,23.1282,0.14802,-81.5800
74,0.1764,22.9652,0.14855,-81.5510
75,0.1778,22.8017,0.14902,-81.5240
76,0.1792,22.6392,0.1496,-81.4910
77,0.1806,22.4774,0.15006,-81.4660
78,0.1820,22.3184,0.15059,-81.4360
79,0.1834,22.1594,0.15108,-81.4090
80,0.1849,22.0012,0.15164,-81.3770
81,0.1863,21.8452,0.15216,-81.3480
82,0.1878,21.6906,0.1527,-81.3180
83,0.1892,21.5351,0.15323,-81.2880
84,0.1907,21.3825,0.15376,-81.2580
85,0.1922,21.2312,0.15428,-81.2300
86,0.1937,21.0801,0.15484,-81.1980
87,0.1952,20.9298,0.15539,-81.1680
88,0.1967,20.7822,0.15597,-81.1350
89,0.1983,20.6353,0.15645,-81.1080
90,0.1998,20.4882,0.15707,-81.0730
91,0.2014,20.3420,0.15758,-81.0450
92,0.2030,20.1992,0.1582,-81.0100
93,0.2045,20.0556,0.15871,-80.9820
94,0.2061,19.9134,0.15929,-80.9490
95,0.2077,19.7726,0.15983,-80.9190
96,0.2094,19.6314,0.16039,-80.8880
97,0.2110,19.4930,0.1610,-80.8540
98,0.2127,19.3551,0.16153,-80.8240
99,0.2143,19.2182,0.16214,-80.7900
100,0.2160,19.0813,0.16268,-80.7600
101,0.2177,18.9466,0.1633,-80.7250
102,0.2194,18.8125,0.16385,-80.6950
103,0.2211,18.6792,0.1644,-80.6640
104,0.2228,18.5476,0.16508,-80.6260
105,0.2246,18.4167,0.16557,-80.5990
106,0.2263,18.2862,0.16624,-80.5620
107,0.2281,18.1570,0.1668,-80.5300
108,0.2299,18.0287,0.16742,-80.4960
109,0.2316,17.9021,0.1680,-80.4630
110,0.2335,17.7752,0.16856,-80.4320
111,0.2353,17.6501,0.16916,-80.3990
112,0.2371,17.5257,0.16976,-80.3650
113,0.2390,17.4028,0.17037,-80.3310
114,0.2408,17.2790,0.1710,-80.2970
115,0.2427,17.1559,0.17163,-80.2610
116,0.2446,17.0363,0.17228,-80.2250
117,0.2465,16.9157,0.17297,-80.1870
118,0.2484,16.7966,0.17356,-80.1540
119,0.2504,16.6785,0.17417,-80.1200
120,0.2523,16.5616,0.17482,-80.0840
121,0.2543,16.4451,0.17544,-80.0490
122,0.2563,16.3295,0.1761,-80.0130
123,0.2583,16.2150,0.17666,-79.9810
124,0.2603,16.1008,0.17736,-79.9430
125,0.2623,15.9868,0.17801,-79.9070
126,0.2644,15.8750,0.17868,-79.8690
127,0.2665,15.7637,0.17928,-79.8360
128,0.2685,15.6534,0.17995,-79.7990
129,0.2706,15.5426,0.18054,-79.7660
130,0.2727,15.4341,0.18127,-79.7260
131,0.2749,15.3258,0.18192,-79.6890
132,0.2770,15.2176,0.18262,-79.6510
133,0.2792,15.1111,0.18328,-79.6140
134,0.2814,15.0053,0.18392,-79.5780
135,0.2836,14.9001,0.18464,-79.5390
136,0.2858,14.7967,0.18532,-79.5010
137,0.2880,14.6924,0.18599,-79.4640
138,0.2903,14.5896,0.1867,-79.4250
139,0.2925,14.4879,0.18739,-79.3870
140,0.2948,14.3866,0.1881,-79.3470
141,0.2971,14.2864,0.18879,-79.3090
142,0.2994,14.1868,0.18943,-79.2740
143,0.3018,14.0885,0.19009,-79.2370
144,0.3041,13.9885,0.19079,-79.1980
145,0.3065,13.8917,0.19152,-79.1580
146,0.3089,13.7936,0.19223,-79.1190
147,0.3113,13.6976,0.19299,-79.0770
148,0.3137,13.6016,0.19365,-79.0400
149,0.3162,13.5073,0.19435,-79.0020
150,0.3187,13.4126,0.19506,-78.9630
151,0.3211,13.3197,0.19585,-78.9190
152,0.3236,13.2275,0.19661,-78.8770
153,0.3262,13.1357,0.1973,-78.8390
154,0.3287,13.0439,0.1980,-78.8000
155,0.3313,12.9528,0.19878,-78.7570
156,0.3339,12.8637,0.19936,-78.7250
157,0.3365,12.7747,0.20013,-78.6830
158,0.3391,12.6853,0.20088,-78.6420
159,0.3418,12.5966,0.20154,-78.6050
160,0.3444,12.5092,0.20233,-78.5620
161,0.3471,12.4224,0.2031,-78.5200
162,0.3498,12.3363,0.20386,-78.4770
163,0.3526,12.2501,0.20464,-78.4350
164,0.3553,12.1662,0.2053,-78.3980
165,0.3581,12.0807,0.20613,-78.3530
166,0.3609,11.9983,0.20688,-78.3110
167,0.3637,11.9153,0.20763,-78.2710
168,0.3665,11.8325,0.20835,-78.2310
169,0.3694,11.7501,0.20909,-78.1900
170,0.3723,11.6684,0.20995,-78.1430
171,0.3752,11.5871,0.21067,-78.1040
172,0.3781,11.5072,0.21145,-78.0610
173,0.3811,11.4276,0.21224,-78.0170
174,0.3841,11.3490,0.21295,-77.9780
175,0.3870,11.2704,0.21378,-77.9330
176,0.3901,11.1920,0.21459,-77.8890
177,0.3931,11.1147,0.21536,-77.8460
178,0.3962,11.0376,0.21624,-77.7980
179,0.3993,10.9618,0.21696,-77.7590
180,0.4024,10.8861,0.21776,-77.7150
181,0.4055,10.8116,0.21854,-77.6730
182,0.4087,10.7367,0.21936,-77.6270
183,0.4119,10.6629,0.22015,-77.5840
184,0.4151,10.5890,0.22101,-77.5370
185,0.4184,10.5157,0.22178,-77.4950
186,0.4216,10.4433,0.2227,-77.4450
187,0.4249,10.3710,0.22354,-77.3990
188,0.4282,10.2993,0.22432,-77.3570
189,0.4316,10.2292,0.22521,-77.3080
190,0.4349,10.1588,0.22597,-77.2670
191,0.4383,10.0884,0.22679,-77.2220
192,0.4418,10.0193,0.22766,-77.1750
193,0.4452,9.95061,0.22847,-77.1300
194,0.4487,9.88231,0.22938,-77.0810
195,0.4522,9.8142,0.2302,-77.0360
196,0.4557,9.74624,0.23106,-76.9900
197,0.4593,9.68029,0.23192,-76.9430
198,0.4629,9.61365,0.23275,-76.8970
199,0.4665,9.54775,0.23363,-76.8500
200,0.4701,9.48226,0.23452,-76.8010
201,0.4738,9.41681,0.23544,-76.7510
202,0.4775,9.35261,0.23631,-76.7040
203,0.4812,9.28857,0.23717,-76.6580
204,0.4850,9.22438,0.23805,-76.6100
205,0.4888,9.1618,0.23889,-76.5650
206,0.4926,9.0990,0.23984,-76.5130
207,0.4964,9.03701,0.24068,-76.4680
208,0.5003,8.9747,0.24161,-76.4170
209,0.5042,8.91409,0.24255,-76.3660
210,0.5082,8.85254,0.24355,-76.3120
211,0.5121,8.79221,0.24438,-76.2670
212,0.5161,8.73276,0.24525,-76.2200
213,0.5201,8.67238,0.24634,-76.1610
214,0.5242,8.61378,0.24719,-76.1150
215,0.5283,8.55494,0.24813,-76.0640
216,0.5324,8.49737,0.24902,-76.0160
217,0.5366,8.43912,0.24997,-75.9650
218,0.5408,8.38172,0.25092,-75.9140
219,0.5450,8.32402,0.25183,-75.8650
220,0.5493,8.26767,0.25282,-75.8120
221,0.5535,8.21151,0.25376,-75.7610
222,0.5579,8.15541,0.2547,-75.7110
223,0.5622,8.09987,0.2557,-75.6570
224,0.5666,8.04481,0.25665,-75.6060
225,0.5710,7.99004,0.25766,-75.5510
226,0.5755,7.93704,0.25858,-75.5020
227,0.5800,7.8820,0.25962,-75.4460
228,0.5845,7.82842,0.26059,-75.3940
229,0.5891,7.77575,0.26158,-75.3410
230,0.5937,7.7231,0.26251,-75.2910
231,0.5983,7.67062,0.26358,-75.2340
232,0.6030,7.61869,0.26459,-75.1800
233,0.6077,7.56769,0.26558,-75.1270
234,0.6124,7.5162,0.26662,-75.0710
235,0.6172,7.46478,0.26758,-75.0200
236,0.6220,7.41467,0.26863,-74.9640
237,0.6269,7.36437,0.26967,-74.9080
238,0.6318,7.31399,0.27064,-74.8560
239,0.6367,7.26509,0.27173,-74.7980
240,0.6417,7.21594,0.27276,-74.7430
241,0.6467,7.1671,0.27381,-74.6870
242,0.6518,7.11867,0.27483,-74.6330
243,0.6568,7.0711,0.27588,-74.5770
244,0.6620,7.02312,0.2770,-74.5170
245,0.6671,6.97544,0.27805,-74.4610
246,0.6724,6.92917,0.27911,-74.4050
247,0.6776,6.88183,0.28012,-74.3510
248,0.6829,6.83598,0.28128,-74.2900
249,0.6882,6.78959,0.28235,-74.2330
250,0.6936,6.74414,0.28346,-74.1740
251,0.6990,6.69868,0.28452,-74.1180
252,0.7045,6.65374,0.28565,-74.0580
253,0.7100,6.60871,0.2868,-73.9970
254,0.7155,6.56436,0.28798,-73.9340
255,0.7211,6.52044,0.28886,-73.8880
256,0.7267,6.47673,0.29007,-73.8240
257,0.7324,6.43383,0.29124,-73.7620
258,0.7381,6.39004,0.29238,-73.7020
259,0.7439,6.34762,0.29355,-73.6410
260,0.7497,6.30528,0.29469,-73.5800
261,0.7556,6.26359,0.29584,-73.5200
262,0.7615,6.22126,0.29686,-73.4660
263,0.7674,6.17979,0.2980,-73.4060
264,0.7734,6.13831,0.29903,-73.3520
265,0.7794,6.09676,0.30022,-73.2890
266,0.7855,6.05659,0.30146,-73.2240
267,0.7917,6.01619,0.30246,-73.1710
268,0.7978,5.97576,0.30363,-73.1100
269,0.8041,5.93589,0.30475,-73.0520
270,0.8103,5.89557,0.3060,-72.9860
271,0.8167,5.85721,0.30715,-72.9260
272,0.8230,5.8173,0.30832,-72.8650
273,0.8295,5.77818,0.30948,-72.8040
274,0.8359,5.73979,0.31072,-72.7390
275,0.8425,5.70186,0.3118,-72.6830
276,0.8491,5.66325,0.31304,-72.6180
277,0.8557,5.62527,0.31432,-72.5510
278,0.8624,5.58785,0.31537,-72.4960
279,0.8691,5.55046,0.31675,-72.4240
280,0.8759,5.51322,0.31785,-72.3670
281,0.8827,5.47643,0.31915,-72.3000
282,0.8896,5.44076,0.32032,-72.2390
283,0.8966,5.40401,0.32158,-72.1730
284,0.9036,5.36798,0.3230,-72.0990
285,0.9106,5.33073,0.32404,-72.0460
286,0.9177,5.29575,0.32506,-71.9930
287,0.9249,5.26052,0.32653,-71.9160
288,0.9321,5.22639,0.32779,-71.8510
289,0.9394,5.19138,0.32911,-71.7830
290,0.9467,5.15742,0.33051,-71.7110
291,0.9541,5.12237,0.33173,-71.6480
292,0.9616,5.0881,0.33294,-71.5850
293,0.9691,5.05484,0.33431,-71.5150
294,0.9766,5.02111,0.33554,-71.4510
295,0.9843,4.98731,0.33693,-71.3800
296,0.9920,4.95391,0.33823,-71.3130
297,0.9997,4.92128,0.33946,-71.2500
298,1.0075,4.88832,0.34114,-71.1630
299,1.0154,4.85602,0.3422,-71.1090
300,1.0233,4.82371,0.34353,-71.0410
301,1.0313,4.79168,0.34494,-70.9690
302,1.0393,4.76025,0.3463,-70.8990
303,1.0475,4.72769,0.34759,-70.8330
304,1.0556,4.69646,0.34904,-70.7590
305,1.0639,4.6656,0.35037,-70.6910
306,1.0722,4.63397,0.3517,-70.6230
307,1.0806,4.60331,0.35303,-70.5550
308,1.0890,4.57313,0.35445,-70.4830
309,1.0975,4.54216,0.35589,-70.4100
310,1.1061,4.51242,0.35735,-70.3360
311,1.1147,4.48209,0.35888,-70.2580
312,1.1234,4.45332,0.36018,-70.1920
313,1.1322,4.42343,0.36158,-70.1210
314,1.1410,4.39459,0.36295,-70.0510
315,1.1499,4.36454,0.36433,-69.9820
316,1.1589,4.33522,0.36588,-69.9040
317,1.1680,4.30621,0.36729,-69.8320
318,1.1771,4.27765,0.3686,-69.7660
319,1.1863,4.24928,0.37022,-69.6840
320,1.1955,4.22143,0.37165,-69.6120
321,1.2049,4.19269,0.37332,-69.5280
322,1.2143,4.16495,0.37462,-69.4630
323,1.2238,4.13712,0.3760,-69.3940
324,1.2333,4.11009,0.37767,-69.3100
325,1.2429,4.08271,0.37919,-69.2340
326,1.2526,4.05556,0.38065,-69.1610
327,1.2624,4.02835,0.38216,-69.0850
328,1.2723,4.00213,0.38375,-69.0060
329,1.2822,3.97462,0.38524,-68.9310
330,1.2922,3.94886,0.3866,-68.8640
331,1.3023,3.92205,0.38826,-68.7810
332,1.3125,3.89583,0.38989,-68.7000
333,1.3227,3.86984,0.39135,-68.6270
334,1.3331,3.84413,0.39291,-68.5490
335,1.3435,3.81847,0.39466,-68.4630
336,1.3540,3.79246,0.39628,-68.3820
337,1.3645,3.76775,0.39786,-68.3050
338,1.3752,3.74264,0.39944,-68.2260
339,1.3859,3.71774,0.40109,-68.1450
340,1.3968,3.69254,0.40263,-68.0690
341,1.4077,3.66812,0.40441,-67.9810
342,1.4187,3.64321,0.40621,-67.8920
343,1.4297,3.61866,0.40758,-67.8250
344,1.4409,3.59473,0.40924,-67.7430
345,1.4521,3.5705,0.4109,-67.6620
346,1.4635,3.54633,0.41262,-67.5780
347,1.4749,3.5227,0.41431,-67.4950
348,1.4864,3.49869,0.41597,-67.4140
349,1.4980,3.47527,0.41776,-67.3270
350,1.5097,3.45183,0.41966,-67.2340
351,1.5215,3.42919,0.42131,-67.1540
352,1.5334,3.40594,0.4231,-67.0670
353,1.5454,3.38303,0.4247,-66.9890
354,1.5574,3.36033,0.42666,-66.8940
355,1.5696,3.33779,0.42819,-66.8200
356,1.5819,3.31417,0.43011,-66.7270
357,1.5942,3.2926,0.43191,-66.6400
358,1.6067,3.26968,0.43389,-66.5440
359,1.6192,3.24827,0.43571,-66.4570
360,1.6318,3.22601,0.43749,-66.3710
361,1.6446,3.20409,0.43941,-66.2790
362,1.6574,3.18281,0.44127,-66.1900
363,1.6704,3.16099,0.44318,-66.0980
364,1.6834,3.13969,0.44517,-66.0030
365,1.6966,3.11786,0.44686,-65.9220
366,1.7098,3.09681,0.44893,-65.8230
367,1.7232,3.07551,0.45052,-65.7480
368,1.7366,3.05504,0.45283,-65.6370
369,1.7502,3.03445,0.45456,-65.5560
370,1.7638,3.01415,0.45656,-65.4600
371,1.7776,2.99308,0.45858,-65.3650
372,1.7915,2.97228,0.46059,-65.2700
373,1.8055,2.95186,0.46255,-65.1770
374,1.8196,2.93132,0.46476,-65.0730
375,1.8338,2.91154,0.46656,-64.9880
376,1.8481,2.89146,0.46892,-64.8770
377,1.8625,2.87106,0.47071,-64.7930
378,1.8771,2.85162,0.47293,-64.6890
379,1.8917,2.83159,0.47496,-64.5940
380,1.9065,2.81202,0.47723,-64.4880
381,1.9214,2.79259,0.47914,-64.3990
382,1.9364,2.77307,0.48162,-64.2840
383,1.9515,2.75381,0.48371,-64.1860
384,1.9667,2.73444,0.48591,-64.0850
385,1.9821,2.71594,0.48795,-63.9900
386,1.9976,2.6967,0.49028,-63.8820
387,2.0132,2.67742,0.49255,-63.7770
388,2.0289,2.65866,0.49472,-63.6780
389,2.0447,2.63962,0.4973,-63.5590
390,2.0607,2.62132,0.49951,-63.4570
391,2.0768,2.60295,0.50188,-63.3490
392,2.0930,2.58475,0.50415,-63.2450
393,2.1094,2.56662,0.50661,-63.1330
394,2.1258,2.54815,0.50891,-63.0280
395,2.1424,2.53031,0.51112,-62.9280
396,2.1592,2.51167,0.51403,-62.7950
397,2.1760,2.4938,0.51648,-62.6850
398,2.1930,2.47657,0.51908,-62.5670
399,2.2101,2.45875,0.5214,-62.4630
400,2.2274,2.44087,0.52404,-62.3440
401,2.2448,2.42335,0.52655,-62.2310
402,2.2623,2.40532,0.52905,-62.1190
403,2.2800,2.38836,0.53175,-61.9980
404,2.2978,2.37111,0.53456,-61.8730
405,2.3157,2.35394,0.53715,-61.7580
406,2.3338,2.33685,0.53984,-61.6380
407,2.3520,2.31987,0.54266,-61.5130
408,2.3704,2.3030,0.54553,-61.3860
409,2.3889,2.28567,0.54839,-61.2600
410,2.4076,2.26949,0.55111,-61.1400
411,2.4263,2.25209,0.55403,-61.0120
412,2.4453,2.2358,0.55676,-60.8930
413,2.4644,2.21916,0.55952,-60.7720
414,2.4836,2.20274,0.56261,-60.6370
415,2.5030,2.18633,0.56585,-60.4970
416,2.5226,2.17007,0.56871,-60.3730
417,2.5423,2.15399,0.57179,-60.2400
418,2.5621,2.13733,0.57515,-60.0950
419,2.5821,2.1221,0.57839,-59.9550
420,2.6023,2.10552,0.58154,-59.8200
421,2.6226,2.08937,0.58472,-59.6840
422,2.6431,2.07291,0.5878,-59.5530
423,2.6637,2.05749,0.59155,-59.3940
424,2.6845,2.04191,0.59494,-59.2500
425,2.7055,2.02648,0.59809,-59.1170
426,2.7266,2.01111,0.60158,-58.9700
427,2.7479,1.99529,0.60526,-58.8150
428,2.7694,1.97937,0.60905,-58.6570
429,2.7910,1.96417,0.61255,-58.5110
430,2.8128,1.94909,0.61634,-58.3530
431,2.8347,1.93358,0.61975,-58.2120
432,2.8569,1.91893,0.62397,-58.0370
433,2.8792,1.90335,0.62741,-57.8960
434,2.9017,1.88781,0.63149,-57.7280
435,2.9243,1.87304,0.63507,-57.5820
436,2.9471,1.85865,0.63941,-57.4050
437,2.9702,1.8434,0.64354,-57.2370
438,2.9934,1.8286,0.64766,-57.0700
439,3.0167,1.81396,0.65198,-56.8960
440,3.0403,1.79944,0.65648,-56.7160
441,3.0640,1.78496,0.66059,-56.5520
442,3.0879,1.76994,0.66478,-56.3850
443,3.1121,1.75539,0.66989,-56.1820
444,3.1364,1.74119,0.67439,-56.0050
445,3.1608,1.7264,0.6787,-55.8350
446,3.1855,1.71207,0.68404,-55.6260
447,3.2104,1.69811,0.68833,-55.4590
448,3.2355,1.68446,0.6936,-55.2550
449,3.2607,1.66971,0.69855,-55.0640
450,3.2862,1.65583,0.7038,-54.8620
451,3.3119,1.64188,0.70924,-54.6540
452,3.3377,1.6275,0.71488,-54.4400
453,3.3638,1.61357,0.71995,-54.2480
454,3.3900,1.59998,0.72561,-54.0350
455,3.4165,1.58636,0.73132,-53.8210
456,3.4432,1.57239,0.73729,-53.5990
457,3.4701,1.55875,0.74306,-53.3850
458,3.4972,1.5451,0.74892,-53.1700
459,3.5245,1.53102,0.75523,-52.9390
460,3.5520,1.5185,0.76177,-52.7010
461,3.5797,1.50436,0.76777,-52.4840
462,3.6077,1.49107,0.77534,-52.2120
463,3.6358,1.47812,0.78175,-51.9830
464,3.6642,1.46462,0.78926,-51.7170
465,3.6929,1.45153,0.79566,-51.4920
466,3.7217,1.4378,0.80287,-51.2400
467,3.7507,1.42473,0.81052,-50.9740
468,3.7800,1.41162,0.81745,-50.7360
469,3.8095,1.39897,0.82578,-50.4510
470,3.8393,1.38608,0.83395,-50.1740
471,3.8693,1.37293,0.84223,-49.8950
472,3.8995,1.35996,0.85051,-49.6190
473,3.9299,1.34719,0.85884,-49.3430
474,3.9606,1.33454,0.86795,-49.0440
475,3.9915,1.3220,0.87686,-48.7540
476,4.0227,1.30914,0.88671,-48.4360
477,4.0541,1.29634,0.89641,-48.1270
478,4.0858,1.28412,0.90602,-47.8230
479,4.1177,1.27185,0.9163,-47.5010
480,4.1498,1.25858,0.92631,-47.1910
481,4.1822,1.24692,0.93764,-46.8430
482,4.2149,1.23483,0.94932,-46.4890
483,4.2478,1.22213,0.9605,-46.1540
484,4.2810,1.20996,0.9727,-45.7930
485,4.3144,1.19808,0.98435,-45.4520
486,4.3481,1.18576,0.99828,-45.0490
487,4.3820,1.17412,1.01092,-44.6890
488,4.4163,1.16197,1.02428,-44.3130
489,4.4507,1.15067,1.03913,-43.9010
490,4.4855,1.13914,1.05393,-43.4960
491,4.5205,1.12723,1.06936,-43.0800
492,4.5558,1.11526,1.08484,-42.6700
493,4.5914,1.10398,1.10078,-42.2530
494,4.6272,1.09215,1.11783,-41.8160
495,4.6634,1.08094,1.13336,-41.4230
496,4.6998,1.06964,1.15301,-40.9350
497,4.7365,1.05875,1.1714,-40.4870
498,4.7735,1.04743,1.19129,-40.0110
499,4.8107,1.03631,1.21168,-39.5330
500,4.8483,1.02557,1.23484,-39.0010
501,4.8862,1.01465,1.25645,-38.5160
502,4.9243,1.00388,1.28023,-37.9940
503,4.9628,0.99345,1.30466,-37.4700
504,5.0015,0.98241,1.33062,-36.9260
505,5.0406,0.97192,1.35607,-36.4060
506,5.0799,0.96155,1.38423,-35.8450
507,5.1196,0.95153,1.4138,-35.2720
508,5.1596,0.94097,1.44514,-34.6820
509,5.1999,0.93098,1.4795,-34.0550
510,5.2405,0.92088,1.51358,-33.4520
511,5.2814,0.91119,1.55052,-32.8200
512,5.3226,0.90196,1.58961,-32.1730
513,5.3642,0.89181,1.63028,-31.5250
514,5.4061,0.88187,1.67528,-30.8340
515,5.4483,0.87293,1.72277,-30.1330
516,5.4908,0.86401,1.77141,-29.4460
517,5.5337,0.85471,1.82358,-28.7390
518,5.5769,0.8460,1.88197,-27.9840
519,5.6204,0.83737,1.94276,-27.2360
520,5.6643,0.82849,2.01061,-26.4440
521,5.7086,0.8202,2.07983,-25.6790
522,5.7531,0.81183,2.1608,-24.8340
523,5.7981,0.80379,2.24277,-24.0310
524,5.8433,0.79593,2.33409,-23.1920
525,5.8890,0.78842,2.43317,-22.3420
526,5.9349,0.7809,2.54455,-21.4550
527,5.9813,0.77363,2.66359,-20.5780
528,6.0280,0.76604,2.80267,-19.6370
529,6.0750,0.75959,2.94762,-18.7400
530,6.1225,0.75251,3.12044,-17.7690
531,6.1703,0.74628,3.32145,-16.7560
532,6.2185,0.73979,3.54169,-15.7670
533,6.2670,0.73407,3.79044,-14.7790
534,6.3160,0.72793,4.08198,-13.7650
535,6.3653,0.72219,4.42893,-12.7230
536,6.4150,0.71729,4.85009,-11.6500
537,6.4651,0.71185,5.36806,-10.5520
538,6.5155,0.7068,5.98995,-9.4780
539,6.5664,0.70215,6.81222,-8.3510
540,6.6177,0.69848,7.85194,-7.2580
541,6.6694,0.69437,9.36881,-6.0930
542,6.7214,0.69071,11.4826,-4.9770
543,6.7739,0.68728,15.13048,-3.7810
544,6.8268,0.68459,22.36537,-2.5600
545,6.8801,0.68153,41.72197,-1.3730
546,6.9339,0.67929,322.36951,-0.1780
547,6.9880,0.67698,53.56132,1.0700
548,7.0426,0.6755,24.81028,2.3080
549,7.0975,0.6740,16.21915,3.5280
550,7.1530,0.6728,11.83162,4.8310
551,7.2088,0.67221,9.39083,6.0780
552,7.2651,0.67171,7.82146,7.2860
553,7.3218,0.67169,6.6833,8.5100
554,7.3790,0.67216,5.76797,9.8360
555,7.4366,0.67263,5.11993,11.0520
556,7.4947,0.67352,4.56881,12.3460
557,7.5532,0.67457,4.13151,13.6060
558,7.6122,0.67579,3.76276,14.8830
559,7.6716,0.67874,3.45879,16.1260
560,7.7315,0.6807,3.1968,17.3700
561,7.7919,0.68348,2.97038,18.6060
562,7.8527,0.68654,2.76883,19.8580
563,7.9141,0.68999,2.59691,21.0600
564,7.9759,0.69367,2.44413,22.2520
565,8.0381,0.69761,2.3019,23.4810
566,8.1009,0.70194,2.17606,24.6810
567,8.1642,0.70685,2.06338,25.8570
568,8.2279,0.7125,1.95962,27.0350
569,8.2921,0.71815,1.86599,28.1870
570,8.3569,0.7229,1.78228,29.2960
571,8.4221,0.72974,1.70159,30.4420
572,8.4879,0.73613,1.62848,31.5530
573,8.5542,0.74267,1.56383,32.5970
574,8.6210,0.75037,1.49958,33.6970
575,8.6883,0.75707,1.4426,34.7290
576,8.7561,0.76469,1.38675,35.7960
577,8.8245,0.77214,1.3369,36.7960
578,8.8934,0.78047,1.29129,37.7550
579,8.9629,0.78944,1.24473,38.7780
580,9.0328,0.79784,1.20257,39.7450
581,9.1034,0.80674,1.16411,40.6630
582,9.1745,0.81622,1.12711,41.5800
583,9.2461,0.82543,1.09339,42.4460
584,9.3183,0.83509,1.05942,43.3470
585,9.3910,0.84504,1.02702,44.2360
586,9.4644,0.85484,0.99846,45.0440
587,9.5383,0.86599,0.96943,45.8890
588,9.6128,0.87655,0.94172,46.7190
589,9.6878,0.88708,0.9153,47.5320
590,9.7635,0.89871,0.89218,48.2610
591,9.8397,0.90945,0.86893,49.0120
592,9.9165,0.92143,0.84674,49.7440
593,9.9940,0.93316,0.82557,50.4580
594,10.0720,0.94488,0.80464,51.1780
595,10.1510,0.95701,0.78488,51.8720
596,10.2300,0.96961,0.76635,52.5350
597,10.3100,0.98222,0.74805,53.2020
598,10.3900,0.99514,0.73133,53.8210
599,10.4710,1.00706,0.71475,54.4450
600,10.5530,1.02046,0.69798,55.0860
601,10.6360,1.03418,0.68281,55.6740
602,10.7190,1.04689,0.66846,56.2390
603,10.8020,1.06094,0.65374,56.8260
604,10.8870,1.07473,0.64002,57.3800
605,10.9720,1.08833,0.62652,57.9320
606,11.0570,1.10255,0.61345,58.4730
607,11.1440,1.11694,0.60172,58.9640
608,11.2310,1.13122,0.58893,59.5050
609,11.3180,1.14602,0.5780,59.9720
610,11.4070,1.16054,0.56631,60.4770
611,11.4960,1.17567,0.55592,60.9290
612,11.5860,1.19089,0.54509,61.4050
613,11.6760,1.2061,0.53527,61.8410
614,11.7670,1.22119,0.5253,62.2870
615,11.8590,1.2367,0.51563,62.7230
616,11.9520,1.25197,0.50631,63.1470
617,12.0450,1.26775,0.49723,63.5620
618,12.1390,1.28414,0.48846,63.9660
619,12.2340,1.29996,0.47982,64.3670
620,12.3290,1.31633,0.47202,64.7320
621,12.4260,1.33354,0.46409,65.1050
622,12.5230,1.34927,0.45623,65.4760
623,12.6200,1.36566,0.44907,65.8160
624,12.7190,1.38279,0.44116,66.1950
625,12.8180,1.40008,0.43421,66.5290
626,12.9180,1.41703,0.4269,66.8820
627,13.0190,1.43425,0.42021,67.2070
628,13.1210,1.45117,0.4134,67.5400
629,13.2230,1.46889,0.40708,67.8500
630,13.3270,1.48653,0.40096,68.1510
631,13.4310,1.50425,0.39473,68.4590
632,13.5360,1.5222,0.38869,68.7590
633,13.6410,1.53951,0.38276,69.0550
634,13.7480,1.55862,0.37722,69.3320
635,13.8550,1.57666,0.37174,69.6080
636,13.9630,1.59524,0.36591,69.9020
637,14.0720,1.61344,0.36083,70.1590
638,14.1820,1.63183,0.35613,70.3980
639,14.2930,1.65149,0.35056,70.6810
640,14.4050,1.66997,0.34576,70.9270
641,14.5170,1.6890,0.34085,71.1780
642,14.6300,1.70832,0.33634,71.4100
643,14.7450,1.72761,0.33134,71.6680
644,14.8600,1.74718,0.32741,71.8710
645,14.9760,1.76636,0.32251,72.1250
646,15.0930,1.78656,0.31828,72.3450
647,15.2110,1.80651,0.31402,72.5660
648,15.3290,1.82658,0.31022,72.7650
649,15.4490,1.8464,0.30607,72.9820
650,15.5700,1.86666,0.3021,73.1900
651,15.6910,1.88742,0.29836,73.3870
652,15.8140,1.90788,0.29443,73.5940
653,15.9370,1.92903,0.29076,73.7880
654,16.0620,1.94954,0.28731,73.9700
655,16.1870,1.97029,0.28376,74.1580
656,16.3140,1.99157,0.28044,74.3340
657,16.4410,2.01303,0.2767,74.5330
658,16.5690,2.03421,0.27338,74.7100
659,16.6990,2.05606,0.27025,74.8770
660,16.8290,2.07743,0.26711,75.0450
661,16.9600,2.09959,0.26378,75.2230
662,17.0930,2.12199,0.26075,75.3860
663,17.2260,2.14373,0.25758,75.5560
664,17.3610,2.16613,0.2546,75.7160
665,17.4960,2.18821,0.25164,75.8760
666,17.6330,2.2114,0.24887,76.0250
667,17.7710,2.23394,0.2459,76.1850
668,17.9090,2.25656,0.24295,76.3450
669,18.0490,2.2795,0.24036,76.4850
670,18.1900,2.30335,0.23777,76.6250
671,18.3320,2.32673,0.23533,76.7580
672,18.4750,2.35039,0.23266,76.9030
673,18.6200,2.37381,0.23045,77.0230
674,18.7650,2.39773,0.22778,77.1680
675,18.9120,2.42219,0.22564,77.2850
676,19.0590,2.4461,0.2232,77.4180
677,19.2080,2.4699,0.22109,77.5330
678,19.3580,2.49452,0.21868,77.6650
679,19.5090,2.51894,0.2166,77.7780
680,19.6620,2.54365,0.21421,77.9090
681,19.8150,2.56873,0.21214,78.0230
682,19.9700,2.59376,0.20995,78.1430
683,20.1260,2.61827,0.20803,78.2480
684,20.2830,2.64405,0.20581,78.3710
685,20.4410,2.66954,0.20411,78.4640
686,20.6010,2.6949,0.20198,78.5810
687,20.7620,2.72101,0.19989,78.6960
688,20.9240,2.74717,0.19821,78.7890
689,21.0870,2.77312,0.19632,78.8930
690,21.2520,2.79936,0.19456,78.9900
691,21.4180,2.82586,0.19258,79.1000
692,21.5850,2.8525,0.19091,79.1920
693,21.7540,2.87959,0.18915,79.2890
694,21.9230,2.90635,0.18737,79.3880
695,22.0950,2.93372,0.18555,79.4880
696,22.2670,2.96114,0.18392,79.5780
697,22.4410,2.98858,0.18218,79.6750
698,22.6160,3.01683,0.18061,79.7620
699,22.7930,3.04483,0.17912,79.8450
700,22.9710,3.0727,0.17726,79.9480
701,23.1500,3.10123,0.17584,80.0270
702,23.3310,3.12959,0.17422,80.1170
703,23.5130,3.15809,0.17265,80.2050
704,23.6970,3.18742,0.17103,80.2950
705,23.8820,3.21649,0.1696,80.3740
706,24.0680,3.2453,0.16797,80.4650
707,24.2560,3.27529,0.16664,80.5390
708,24.4460,3.30484,0.1653,80.6140
709,24.6360,3.33509,0.1639,80.6920
710,24.8290,3.36498,0.16239,80.7760
711,25.0230,3.39576,0.16094,80.8570
712,25.2180,3.42611,0.15978,80.9220
713,25.4150,3.45649,0.15835,81.0020
714,25.6130,3.48802,0.15699,81.0780
715,25.8130,3.51884,0.15573,81.1490
716,26.0150,3.55012,0.15431,81.2280
717,26.2180,3.58242,0.15301,81.3000
718,26.4230,3.61407,0.15198,81.3580
719,26.6290,3.64615,0.15066,81.4320
720,26.8370,3.67908,0.14944,81.5010
721,27.0470,3.71181,0.14839,81.5600
722,27.2580,3.74481,0.14726,81.6230
723,27.4710,3.77768,0.1462,81.6820
724,27.6850,3.81083,0.14496,81.7520
725,27.9010,3.8446,0.14388,81.8120
726,28.1190,3.87788,0.14278,81.8740
727,28.3390,3.91207,0.14182,81.9280
728,28.5600,3.94605,0.1409,81.9800
729,28.7830,3.97994,0.13979,82.0420
730,29.0080,4.01517,0.13888,82.0940
731,29.2340,4.04987,0.13787,82.1500
732,29.4630,4.08481,0.13692,82.2040
733,29.6930,4.12022,0.13586,82.2630
734,29.9240,4.15513,0.13502,82.3100
735,30.1580,4.19121,0.13411,82.3620
736,30.3940,4.22682,0.1333,82.4070
737,30.6310,4.26229,0.13243,82.4560
738,30.8700,4.29842,0.13149,82.5090
739,31.1110,4.33476,0.13066,82.5560
740,31.3540,4.37095,0.12978,82.6050
741,31.5990,4.4073,0.12867,82.6680
742,31.8460,4.44471,0.12778,82.7180
743,32.0940,4.48175,0.12672,82.7780
744,32.3450,4.51967,0.12577,82.8310
745,32.5970,4.5580,0.12484,82.8840
746,32.8520,4.59637,0.12372,82.9470
747,33.1080,4.63542,0.12276,83.0010
748,33.3670,4.67492,0.12205,83.0410
749,33.6280,4.71497,0.12112,83.0940
750,33.8900,4.75497,0.12029,83.1410
751,34.1550,4.79599,0.11948,83.1870
752,34.4210,4.83614,0.11872,83.2300
753,34.6900,4.87695,0.11808,83.2660
754,34.9610,4.91779,0.11748,83.3000
755,35.2340,4.95865,0.11664,83.3470
756,35.5090,5.0003,0.11608,83.3790
757,35.7860,5.0419,0.11533,83.4210
758,36.0660,5.08284,0.11461,83.4620
759,36.3480,5.12507,0.11402,83.4950
760,36.6310,5.16686,0.11339,83.5310
761,36.9170,5.20947,0.11263,83.5740
762,37.2060,5.25191,0.11202,83.6080
763,37.4960,5.29511,0.11135,83.6460
764,37.7890,5.33764,0.11067,83.6850
765,38.0840,5.38162,0.11002,83.7220
766,38.3810,5.4262,0.10926,83.7640
767,38.6810,5.47067,0.10853,83.8060
768,38.9830,5.51605,0.10787,83.8430
769,39.2870,5.56068,0.10714,83.8850
770,39.5940,5.60587,0.10646,83.9230
771,39.9030,5.65182,0.10573,83.9650
772,40.2150,5.69839,0.10515,83.9970
773,40.5290,5.74499,0.10448,84.0350
774,40.8450,5.79159,0.10395,84.0650
775,41.1640,5.83857,0.10327,84.1040
776,41.4860,5.88664,0.10256,84.1440
777,41.8100,5.93514,0.10192,84.1800
778,42.1360,5.98467,0.10131,84.2150
779,42.4650,6.03439,0.10062,84.2540
780,42.7970,6.08484,0.09987,84.2970
781,43.1310,6.13535,0.09926,84.3310
782,43.4680,6.18614,0.0987,84.3630
783,43.8070,6.23548,0.09836,84.3830
784,44.1490,6.28554,0.09785,84.4110
785,44.4940,6.33335,0.09751,84.4310
786,44.8410,6.38127,0.09693,84.4630
787,45.1920,6.43041,0.09653,84.4860
788,45.5440,6.47999,0.09612,84.5100
789,45.9000,6.53158,0.09538,84.5510
790,46.2580,6.58329,0.09478,84.5860
791,46.6200,6.63622,0.09384,84.6390
792,46.9840,6.6906,0.09315,84.6780
793,47.3500,6.74577,0.09214,84.7360
794,47.7200,6.80173,0.09148,84.7730
795,48.0930,6.85879,0.09072,84.8160
796,48.4680,6.91593,0.09011,84.8510
797,48.8470,6.97329,0.08972,84.8730
798,49.2280,7.03082,0.08927,84.8990
799,49.6130,7.08825,0.08891,84.9190
800,50.0000,7.14547,0.08854,84.9400
