No.,FREQUENCY(MHz),Z,D,Cs
1,0.1000,32.0332,0.15233,0.000000050258
2,0.1008,31.8019,0.1531,0.000000050237
3,0.1016,31.5730,0.15387,0.000000050213
4,0.1024,31.3478,0.1546,0.000000050189
5,0.1032,31.1246,0.15531,0.000000050163
6,0.1040,30.8996,0.15614,0.000000050141
7,0.1048,30.6793,0.15688,0.000000050116
8,0.1056,30.4589,0.15758,0.000000050092
9,0.1064,30.2436,0.15833,0.000000050066
10,0.1073,30.0273,0.15922,0.000000050043
11,0.1081,29.8114,0.16001,0.00000005002
12,0.1089,29.6000,0.16074,0.000000049994
13,0.1098,29.3889,0.16155,0.00000004997
14,0.1106,29.1780,0.16234,0.000000049946
15,0.1115,28.9706,0.16311,0.000000049922
16,0.1124,28.7645,0.16394,0.000000049897
17,0.1133,28.5566,0.16479,0.000000049876
18,0.1141,28.3503,0.16563,0.000000049854
19,0.1150,28.1499,0.16639,0.000000049827
20,0.1159,27.9476,0.16731,0.000000049805
21,0.1168,27.7478,0.16811,0.000000049784
22,0.1177,27.5510,0.16893,0.000000049759
23,0.1187,27.3539,0.16981,0.000000049736
24,0.1196,27.1578,0.17057,0.000000049712
25,0.1205,26.9646,0.17146,0.000000049689
26,0.1215,26.7730,0.17235,0.000000049665
27,0.1224,26.5812,0.17316,0.000000049641
28,0.1234,26.3910,0.17408,0.000000049618
29,0.1243,26.2039,0.17495,0.000000049594
30,0.1253,26.0174,0.17585,0.00000004957
31,0.1263,25.8321,0.17674,0.000000049546
32,0.1273,25.6450,0.17767,0.000000049527
33,0.1283,25.4638,0.17852,0.000000049502
34,0.1293,25.2845,0.17941,0.000000049475
35,0.1303,25.1048,0.18035,0.00000004945
36,0.1313,24.9236,0.18127,0.000000049431
37,0.1323,24.7481,0.18221,0.000000049406
38,0.1334,24.5706,0.18317,0.000000049383
39,0.1344,24.3963,0.18405,0.000000049359
40,0.1354,24.2229,0.1850,0.000000049335
41,0.1365,24.0508,0.18601,0.000000049311
42,0.1376,23.8806,0.18688,0.000000049287
43,0.1386,23.7099,0.18783,0.000000049264
44,0.1397,23.5417,0.18881,0.000000049241
45,0.1408,23.3757,0.1898,0.000000049216
46,0.1419,23.2097,0.19075,0.000000049192
47,0.1430,23.0447,0.19178,0.000000049169
48,0.1441,22.8834,0.19276,0.000000049144
49,0.1453,22.7200,0.19376,0.000000049121
50,0.1464,22.5618,0.19479,0.000000049093
51,0.1475,22.3996,0.19575,0.000000049072
52,0.1487,22.2418,0.1968,0.000000049048
53,0.1499,22.0845,0.19775,0.000000049024
54,0.1510,21.9281,0.1988,0.000000049001
55,0.1522,21.7735,0.19985,0.000000048976
56,0.1534,21.6204,0.20093,0.00000004895
57,0.1546,21.4687,0.20196,0.000000048926
58,0.1558,21.3177,0.20303,0.0000000489
59,0.1570,21.1668,0.20407,0.000000048876
60,0.1582,21.0186,0.20512,0.000000048851
61,0.1595,20.8702,0.20619,0.000000048826
62,0.1607,20.7252,0.20724,0.000000048799
63,0.1620,20.5790,0.20833,0.000000048774
64,0.1632,20.4345,0.20945,0.00000004875
65,0.1645,20.2914,0.21055,0.000000048723
66,0.1658,20.1490,0.21167,0.0000000487
67,0.1671,20.0076,0.21275,0.000000048673
68,0.1684,19.8685,0.21386,0.000000048646
69,0.1697,19.7283,0.21498,0.000000048622
70,0.1710,19.5907,0.21611,0.000000048597
71,0.1724,19.4539,0.21731,0.00000004857
72,0.1737,19.3184,0.2184,0.000000048545
73,0.1751,19.1837,0.21959,0.000000048518
74,0.1764,19.0488,0.22074,0.000000048494
75,0.1778,18.9161,0.22186,0.000000048469
76,0.1792,18.7855,0.22305,0.00000004844
77,0.1806,18.6550,0.22423,0.000000048413
78,0.1820,18.5259,0.22542,0.000000048385
79,0.1834,18.3973,0.22659,0.000000048358
80,0.1849,18.2695,0.22779,0.00000004833
81,0.1863,18.1435,0.22904,0.000000048302
82,0.1878,18.0172,0.23022,0.000000048277
83,0.1892,17.8936,0.23145,0.000000048246
84,0.1907,17.7689,0.23272,0.000000048221
85,0.1922,17.6464,0.23392,0.000000048192
86,0.1937,17.5239,0.23513,0.000000048167
87,0.1952,17.4039,0.23644,0.000000048138
88,0.1967,17.2836,0.23771,0.000000048112
89,0.1983,17.1651,0.23894,0.000000048081
90,0.1998,17.0465,0.24023,0.000000048054
91,0.2014,16.9302,0.24144,0.000000048023
92,0.2030,16.8136,0.2428,0.000000047997
93,0.2045,16.6978,0.24407,0.000000047967
94,0.2061,16.5835,0.24541,0.00000004794
95,0.2077,16.4708,0.2467,0.000000047909
96,0.2094,16.3572,0.24796,0.000000047882
97,0.2110,16.2453,0.24936,0.000000047853
98,0.2127,16.1347,0.25069,0.000000047822
99,0.2143,16.0248,0.2520,0.000000047792
100,0.2160,15.9150,0.25339,0.000000047765
101,0.2177,15.8066,0.25471,0.000000047735
102,0.2194,15.6992,0.25603,0.000000047704
103,0.2211,15.5933,0.25738,0.000000047672
104,0.2228,15.4877,0.25882,0.000000047641
105,0.2246,15.3828,0.26015,0.000000047609
106,0.2263,15.2791,0.2616,0.000000047579
107,0.2281,15.1761,0.26298,0.000000047546
108,0.2299,15.0739,0.26435,0.000000047514
109,0.2316,14.9726,0.26578,0.000000047482
110,0.2335,14.8715,0.26725,0.000000047452
111,0.2353,14.7721,0.26869,0.000000047419
112,0.2371,14.6728,0.27004,0.000000047385
113,0.2390,14.5749,0.27147,0.000000047351
114,0.2408,14.4768,0.27292,0.000000047319
115,0.2427,14.3794,0.27437,0.000000047288
116,0.2446,14.2840,0.27581,0.000000047254
117,0.2465,14.1881,0.27732,0.000000047223
118,0.2484,14.0928,0.2788,0.000000047191
119,0.2504,13.9995,0.2803,0.000000047155
120,0.2523,13.9063,0.28178,0.000000047123
121,0.2543,13.8141,0.28329,0.000000047089
122,0.2563,13.7227,0.28482,0.000000047053
123,0.2583,13.6333,0.28636,0.000000047014
124,0.2603,13.5432,0.28782,0.000000046978
125,0.2623,13.4537,0.28928,0.000000046943
126,0.2644,13.3650,0.29081,0.000000046907
127,0.2665,13.2768,0.29241,0.000000046874
128,0.2685,13.1896,0.29388,0.000000046836
129,0.2706,13.1024,0.29533,0.000000046801
130,0.2727,13.0160,0.29697,0.000000046768
131,0.2749,12.9309,0.29848,0.00000004673
132,0.2770,12.8460,0.30011,0.000000046695
133,0.2792,12.7620,0.30171,0.000000046659
134,0.2814,12.6789,0.30332,0.000000046622
135,0.2836,12.5962,0.30492,0.000000046585
136,0.2858,12.5138,0.30654,0.00000004655
137,0.2880,12.4338,0.30818,0.000000046508
138,0.2903,12.3527,0.3097,0.00000004647
139,0.2925,12.2728,0.31134,0.000000046431
140,0.2948,12.1940,0.31296,0.000000046392
141,0.2971,12.1152,0.31459,0.000000046352
142,0.2994,12.0372,0.31623,0.000000046312
143,0.3018,11.9596,0.31781,0.000000046274
144,0.3041,11.8821,0.31954,0.000000046237
145,0.3065,11.8061,0.32109,0.000000046196
146,0.3089,11.7309,0.32282,0.000000046154
147,0.3113,11.6557,0.32449,0.000000046115
148,0.3137,11.5813,0.32618,0.000000046075
149,0.3162,11.5078,0.32784,0.000000046032
150,0.3187,11.4347,0.32951,0.00000004599
151,0.3211,11.3612,0.33127,0.000000045953
152,0.3236,11.2895,0.33294,0.000000045911
153,0.3262,11.2182,0.33474,0.000000045869
154,0.3287,11.1469,0.33638,0.000000045827
155,0.3313,11.0765,0.33799,0.000000045783
156,0.3339,11.0072,0.33988,0.000000045741
157,0.3365,10.9375,0.34166,0.0000000457
158,0.3391,10.8687,0.34327,0.000000045655
159,0.3418,10.8008,0.3450,0.000000045612
160,0.3444,10.7325,0.34681,0.000000045572
161,0.3471,10.6666,0.34854,0.000000045522
162,0.3498,10.5991,0.35032,0.000000045482
163,0.3526,10.5342,0.35211,0.000000045434
164,0.3553,10.4678,0.35394,0.000000045393
165,0.3581,10.4033,0.35575,0.000000045347
166,0.3609,10.3394,0.35751,0.000000045298
167,0.3637,10.2753,0.35929,0.000000045254
168,0.3665,10.2115,0.3612,0.000000045212
169,0.3694,10.1488,0.36294,0.000000045163
170,0.3723,10.0867,0.36484,0.000000045117
171,0.3752,10.0248,0.36659,0.000000045069
172,0.3781,9.96362,0.36843,0.000000045021
173,0.3811,9.90196,0.37019,0.000000044976
174,0.3841,9.8422,0.3720,0.000000044925
175,0.3870,9.78283,0.37386,0.000000044875
176,0.3901,9.72308,0.37577,0.000000044829
177,0.3931,9.66414,0.37759,0.00000004478
178,0.3962,9.60632,0.37942,0.000000044728
179,0.3993,9.54767,0.38129,0.000000044681
180,0.4024,9.49049,0.38319,0.000000044631
181,0.4055,9.43345,0.38504,0.000000044581
182,0.4087,9.3769,0.38689,0.000000044529
183,0.4119,9.32087,0.38882,0.000000044479
184,0.4151,9.26504,0.39065,0.000000044427
185,0.4184,9.2104,0.39258,0.000000044374
186,0.4216,9.1557,0.39442,0.000000044321
187,0.4249,9.10055,0.39636,0.000000044273
188,0.4282,9.04709,0.39823,0.000000044218
189,0.4316,8.99386,0.40016,0.000000044165
190,0.4349,8.94011,0.40207,0.000000044115
191,0.4383,8.88836,0.40403,0.000000044058
192,0.4418,8.83587,0.4059,0.000000044005
193,0.4452,8.78468,0.40784,0.000000043948
194,0.4487,8.73351,0.40976,0.000000043893
195,0.4522,8.68311,0.41166,0.000000043835
196,0.4557,8.63131,0.41365,0.000000043787
197,0.4593,8.58186,0.41559,0.000000043728
198,0.4629,8.53244,0.41756,0.000000043671
199,0.4665,8.48329,0.41951,0.000000043614
200,0.4701,8.43377,0.42144,0.00000004356
201,0.4738,8.38582,0.42336,0.0000000435
202,0.4775,8.33756,0.4253,0.000000043443
203,0.4812,8.28963,0.42719,0.000000043385
204,0.4850,8.24309,0.42931,0.000000043325
205,0.4888,8.19586,0.43122,0.000000043268
206,0.4926,8.14889,0.43314,0.00000004321
207,0.4964,8.10284,0.43513,0.00000004315
208,0.5003,8.05709,0.43707,0.00000004309
209,0.5042,8.01146,0.43904,0.00000004303
210,0.5082,7.96683,0.44098,0.000000042966
211,0.5121,7.9222,0.4430,0.000000042906
212,0.5161,7.87755,0.44496,0.000000042846
213,0.5201,7.83431,0.44699,0.000000042781
214,0.5242,7.79057,0.44897,0.00000004272
215,0.5283,7.74713,0.45083,0.000000042656
216,0.5324,7.70367,0.45294,0.000000042598
217,0.5366,7.66151,0.45488,0.000000042531
218,0.5408,7.61901,0.4569,0.00000004247
219,0.5450,7.57679,0.45876,0.000000042406
220,0.5493,7.53592,0.46082,0.000000042338
221,0.5535,7.49399,0.46283,0.000000042277
222,0.5579,7.45353,0.46474,0.000000042208
223,0.5622,7.41256,0.46674,0.000000042145
224,0.5666,7.37256,0.46874,0.000000042078
225,0.5710,7.33249,0.47068,0.000000042011
226,0.5755,7.29357,0.47272,0.000000041941
227,0.5800,7.25361,0.47468,0.000000041877
228,0.5845,7.21419,0.47664,0.000000041812
229,0.5891,7.17532,0.4786,0.000000041744
230,0.5937,7.13686,0.48062,0.000000041677
231,0.5983,7.09897,0.48278,0.00000004161
232,0.6030,7.0609,0.48467,0.000000041541
233,0.6077,7.02407,0.48672,0.000000041468
234,0.6124,6.98857,0.48852,0.000000041386
235,0.6172,6.95134,0.49037,0.000000041315
236,0.6220,6.91434,0.49236,0.000000041247
237,0.6269,6.87793,0.49429,0.000000041175
238,0.6318,6.84208,0.49623,0.000000041102
239,0.6367,6.80641,0.49821,0.00000004103
240,0.6417,6.77042,0.50012,0.00000004096
241,0.6467,6.73506,0.50203,0.000000040887
242,0.6518,6.70024,0.50401,0.000000040813
243,0.6568,6.66518,0.5059,0.000000040741
244,0.6620,6.6304,0.50797,0.000000040671
245,0.6671,6.59665,0.50972,0.000000040591
246,0.6724,6.56282,0.5117,0.000000040517
247,0.6776,6.52917,0.51364,0.000000040442
248,0.6829,6.49624,0.51559,0.000000040364
249,0.6882,6.4622,0.51734,0.000000040291
250,0.6936,6.43026,0.51935,0.000000040211
251,0.6990,6.39671,0.5213,0.00000004014
252,0.7045,6.36455,0.52312,0.00000004006
253,0.7100,6.33224,0.52489,0.000000039982
254,0.7155,6.29958,0.52694,0.000000039912
255,0.7211,6.26877,0.52887,0.000000039829
256,0.7267,6.23695,0.53066,0.000000039751
257,0.7324,6.20601,0.53251,0.00000003967
258,0.7381,6.17504,0.5344,0.000000039592
259,0.7439,6.14386,0.5362,0.000000039513
260,0.7497,6.11334,0.53815,0.000000039435
261,0.7556,6.08322,0.53987,0.000000039352
262,0.7615,6.05337,0.54177,0.000000039271
263,0.7674,6.02352,0.54363,0.00000003919
264,0.7734,5.99289,0.5454,0.000000039114
265,0.7794,5.96378,0.54713,0.000000039029
266,0.7855,5.93435,0.54894,0.000000038948
267,0.7917,5.90554,0.55078,0.000000038865
268,0.7978,5.87641,0.55252,0.000000038784
269,0.8041,5.84741,0.55431,0.000000038703
270,0.8103,5.81957,0.55604,0.000000038616
271,0.8167,5.79132,0.55783,0.000000038533
272,0.8230,5.76286,0.55951,0.000000038451
273,0.8295,5.73516,0.56123,0.000000038365
274,0.8359,5.70781,0.56302,0.00000003828
275,0.8425,5.68043,0.56486,0.000000038196
276,0.8491,5.6536,0.56643,0.000000038106
277,0.8557,5.62607,0.5682,0.000000038024
278,0.8624,5.59783,0.56985,0.000000037947
279,0.8691,5.57244,0.57152,0.000000037852
280,0.8759,5.54481,0.57315,0.000000037772
281,0.8827,5.51846,0.57481,0.000000037685
282,0.8896,5.49247,0.57653,0.000000037598
283,0.8966,5.4664,0.57818,0.000000037512
284,0.9036,5.44093,0.57992,0.000000037424
285,0.9106,5.41386,0.58157,0.000000037346
286,0.9177,5.38833,0.58275,0.000000037251
287,0.9249,5.36414,0.58464,0.00000003716
288,0.9321,5.33896,0.58611,0.00000003707
289,0.9394,5.31322,0.58774,0.000000036987
290,0.9467,5.28874,0.58924,0.000000036895
291,0.9541,5.26392,0.59088,0.000000036808
292,0.9616,5.2397,0.59234,0.000000036715
293,0.9691,5.21478,0.59372,0.000000036627
294,0.9766,5.19078,0.59545,0.000000036539
295,0.9843,5.16629,0.5969,0.000000036451
296,0.9920,5.14227,0.59827,0.000000036359
297,0.9997,5.11887,0.5997,0.000000036265
298,1.0075,5.09518,0.60162,0.000000036182
299,1.0154,5.07169,0.60263,0.000000036083
300,1.0233,5.0478,0.60402,0.000000035996
301,1.0313,5.02457,0.60563,0.000000035908
302,1.0393,5.0023,0.60697,0.000000035811
303,1.0475,4.97833,0.60829,0.000000035723
304,1.0556,4.9556,0.60971,0.000000035634
305,1.0639,4.93301,0.61112,0.00000003554
306,1.0722,4.90992,0.61229,0.000000035449
307,1.0806,4.88724,0.6137,0.000000035359
308,1.0890,4.86567,0.6151,0.000000035264
309,1.0975,4.84309,0.61631,0.000000035173
310,1.1061,4.82094,0.61763,0.00000003508
311,1.1147,4.79876,0.61894,0.000000034991
312,1.1234,4.77735,0.62016,0.000000034895
313,1.1322,4.75499,0.62129,0.000000034804
314,1.1410,4.7333,0.62256,0.000000034714
315,1.1499,4.71218,0.6237,0.000000034617
316,1.1589,4.69048,0.62492,0.000000034526
317,1.1680,4.66881,0.6261,0.000000034434
318,1.1771,4.64833,0.62729,0.000000034337
319,1.1863,4.62633,0.6285,0.000000034251
320,1.1955,4.60608,0.62969,0.000000034156
321,1.2049,4.58474,0.63056,0.00000003406
322,1.2143,4.56405,0.63185,0.000000033969
323,1.2238,4.54329,0.63316,0.00000003388
324,1.2333,4.52291,0.63401,0.000000033783
325,1.2429,4.50198,0.63499,0.000000033693
326,1.2526,4.48249,0.63622,0.000000033596
327,1.2624,4.46175,0.63713,0.000000033504
328,1.2723,4.44108,0.63823,0.000000033415
329,1.2822,4.4211,0.63912,0.00000003332
330,1.2922,4.40107,0.63993,0.000000033225
331,1.3023,4.38078,0.64109,0.000000033138
332,1.3125,4.36104,0.64204,0.000000033043
333,1.3227,4.34116,0.64305,0.000000032954
334,1.3331,4.32156,0.64387,0.000000032857
335,1.3435,4.30229,0.64489,0.000000032764
336,1.3540,4.28247,0.64567,0.000000032672
337,1.3645,4.26327,0.64656,0.00000003258
338,1.3752,4.24397,0.64735,0.000000032485
339,1.3859,4.22408,0.64807,0.000000032397
340,1.3968,4.20492,0.64904,0.000000032305
341,1.4077,4.18612,0.64998,0.000000032212
342,1.4187,4.16725,0.65068,0.000000032118
343,1.4297,4.14774,0.65131,0.00000003203
344,1.4409,4.12931,0.65226,0.000000031936
345,1.4521,4.11006,0.65293,0.000000031848
346,1.4635,4.09167,0.65363,0.000000031752
347,1.4749,4.07257,0.65439,0.000000031666
348,1.4864,4.05421,0.65513,0.000000031574
349,1.4980,4.03641,0.65609,0.000000031481
350,1.5097,4.01764,0.6566,0.00000003139
351,1.5215,3.99935,0.65728,0.000000031299
352,1.5334,3.98074,0.65769,0.000000031207
353,1.5454,3.9622,0.65848,0.000000031121
354,1.5574,3.94396,0.65896,0.000000031031
355,1.5696,3.92594,0.65962,0.000000030941
356,1.5819,3.90822,0.66032,0.000000030849
357,1.5942,3.89037,0.6607,0.000000030757
358,1.6067,3.87261,0.66148,0.000000030669
359,1.6192,3.85462,0.66192,0.00000003058
360,1.6318,3.83641,0.66252,0.000000030497
361,1.6446,3.81854,0.66297,0.000000030407
362,1.6574,3.8011,0.66331,0.000000030315
363,1.6704,3.78344,0.66399,0.000000030229
364,1.6834,3.76543,0.6646,0.000000030148
365,1.6966,3.74784,0.66493,0.000000030058
366,1.7098,3.73037,0.6655,0.000000029974
367,1.7232,3.71294,0.66571,0.000000029883
368,1.7366,3.69612,0.66612,0.000000029793
369,1.7502,3.67851,0.66659,0.00000002971
370,1.7638,3.66185,0.66712,0.000000029622
371,1.7776,3.64381,0.66748,0.000000029542
372,1.7915,3.62708,0.66787,0.000000029454
373,1.8055,3.61012,0.66846,0.000000029371
374,1.8196,3.59296,0.66834,0.000000029281
375,1.8338,3.5760,0.66876,0.000000029197
376,1.8481,3.55875,0.66922,0.000000029118
377,1.8625,3.54194,0.66942,0.000000029033
378,1.8771,3.52521,0.66978,0.000000028948
379,1.8917,3.50847,0.67012,0.000000028867
380,1.9065,3.4915,0.67047,0.000000028786
381,1.9214,3.47445,0.67062,0.000000028705
382,1.9364,3.4578,0.67087,0.000000028623
383,1.9515,3.44095,0.67109,0.000000028544
384,1.9667,3.42489,0.67128,0.000000028459
385,1.9821,3.40813,0.67162,0.000000028381
386,1.9976,3.39165,0.67169,0.000000028298
387,2.0132,3.37502,0.67204,0.000000028222
388,2.0289,3.35882,0.6721,0.000000028139
389,2.0447,3.34206,0.67248,0.000000028067
390,2.0607,3.32562,0.6726,0.000000027988
391,2.0768,3.30981,0.6727,0.000000027905
392,2.0930,3.29313,0.67299,0.000000027833
393,2.1094,3.27697,0.67296,0.000000027753
394,2.1258,3.26054,0.67298,0.000000027678
395,2.1424,3.2445,0.67337,0.000000027604
396,2.1592,3.2284,0.67334,0.000000027525
397,2.1760,3.21208,0.67343,0.000000027453
398,2.1930,3.19661,0.67388,0.000000027377
399,2.2101,3.18001,0.67374,0.000000027306
400,2.2274,3.16424,0.67385,0.00000002723
401,2.2448,3.14854,0.67399,0.000000027155
402,2.2623,3.13323,0.67416,0.000000027079
403,2.2800,3.11649,0.67417,0.000000027013
404,2.2978,3.10106,0.67399,0.000000026935
405,2.3157,3.08547,0.67427,0.000000026866
406,2.3338,3.06924,0.67441,0.0000000268
407,2.3520,3.05334,0.67447,0.000000026732
408,2.3704,3.03764,0.67433,0.000000026659
409,2.3889,3.02195,0.6745,0.000000026593
410,2.4076,3.00662,0.67419,0.000000026517
411,2.4263,2.99081,0.67457,0.000000026456
412,2.4453,2.97507,0.67465,0.00000002639
413,2.4644,2.95943,0.67451,0.000000026323
414,2.4836,2.94442,0.67472,0.000000026255
415,2.5030,2.92881,0.67447,0.000000026187
416,2.5226,2.91316,0.67457,0.000000026124
417,2.5423,2.89776,0.6747,0.000000026061
418,2.5621,2.88236,0.67444,0.000000025995
419,2.5821,2.86712,0.67454,0.000000025932
420,2.6023,2.85204,0.67475,0.000000025869
421,2.6226,2.83685,0.6748,0.000000025807
422,2.6431,2.82134,0.67471,0.000000025747
423,2.6637,2.80617,0.67487,0.000000025687
424,2.6845,2.79081,0.67498,0.00000002563
425,2.7055,2.77569,0.67473,0.000000025567
426,2.7266,2.7609,0.67462,0.000000025503
427,2.7479,2.74567,0.67476,0.000000025448
428,2.7694,2.73052,0.6749,0.000000025392
429,2.7910,2.71482,0.67472,0.000000025339
430,2.8128,2.70036,0.67487,0.000000025279
431,2.8347,2.68479,0.67507,0.000000025231
432,2.8569,2.6701,0.67492,0.000000025171
433,2.8792,2.65484,0.67486,0.000000025119
434,2.9017,2.63986,0.67463,0.000000025063
435,2.9243,2.62535,0.6748,0.000000025009
436,2.9471,2.61067,0.67494,0.000000024957
437,2.9702,2.59533,0.67477,0.000000024907
438,2.9934,2.58091,0.67498,0.000000024854
439,3.0167,2.56558,0.67513,0.000000024812
440,3.0403,2.55068,0.67499,0.000000024761
441,3.0640,2.53605,0.67535,0.000000024716
442,3.0879,2.52158,0.6751,0.000000024662
443,3.1121,2.50703,0.67509,0.000000024612
444,3.1364,2.49242,0.67541,0.000000024568
445,3.1608,2.47766,0.6757,0.000000024527
446,3.1855,2.4632,0.67558,0.000000024479
447,3.2104,2.44864,0.6757,0.000000024434
448,3.2355,2.43353,0.6756,0.000000024394
449,3.2607,2.41923,0.67591,0.000000024352
450,3.2862,2.40459,0.67612,0.000000024313
451,3.3119,2.39022,0.67611,0.000000024269
452,3.3377,2.37595,0.6764,0.000000024229
453,3.3638,2.3616,0.67631,0.000000024186
454,3.3900,2.34678,0.67652,0.000000024153
455,3.4165,2.33233,0.67697,0.00000002412
456,3.4432,2.31779,0.67684,0.000000024081
457,3.4701,2.30369,0.67734,0.000000024046
458,3.4972,2.28941,0.67804,0.000000024017
459,3.5245,2.2751,0.67792,0.000000023979
460,3.5520,2.26123,0.67782,0.000000023939
461,3.5797,2.24655,0.67837,0.000000023915
462,3.6077,2.23253,0.67862,0.000000023881
463,3.6358,2.21817,0.67881,0.000000023852
464,3.6642,2.20408,0.67907,0.000000023821
465,3.6929,2.1897,0.67932,0.000000023794
466,3.7217,2.17587,0.67962,0.000000023763
467,3.7507,2.16113,0.68019,0.000000023747
468,3.7800,2.14731,0.68042,0.000000023717
469,3.8095,2.13346,0.6809,0.000000023691
470,3.8393,2.11906,0.6812,0.00000002367
471,3.8693,2.10529,0.68168,0.000000023645
472,3.8995,2.09111,0.6821,0.000000023626
473,3.9299,2.07755,0.68268,0.000000023603
474,3.9606,2.06326,0.68325,0.000000023588
475,3.9915,2.0491,0.68359,0.000000023571
476,4.0227,2.03548,0.68404,0.00000002355
477,4.0541,2.02145,0.68495,0.000000023539
478,4.0858,2.00762,0.68567,0.000000023526
479,4.1177,1.9939,0.68612,0.000000023509
480,4.1498,1.97964,0.68676,0.000000023502
481,4.1822,1.96616,0.68704,0.000000023483
482,4.2149,1.95269,0.68821,0.000000023474
483,4.2478,1.93905,0.68845,0.000000023459
484,4.2810,1.92495,0.68898,0.000000023453
485,4.3144,1.91114,0.69036,0.000000023455
486,4.3481,1.89798,0.69142,0.000000023446
487,4.3820,1.88397,0.69192,0.000000023443
488,4.4163,1.87046,0.69276,0.000000023439
489,4.4507,1.85636,0.69393,0.000000023447
490,4.4855,1.84321,0.69471,0.00000002344
491,4.5205,1.82971,0.69581,0.000000023442
492,4.5558,1.81653,0.69663,0.000000023438
493,4.5914,1.80308,0.69786,0.000000023443
494,4.6272,1.7894,0.69874,0.000000023449
495,4.6634,1.77593,0.69993,0.000000023457
496,4.6998,1.76234,0.70145,0.000000023471
497,4.7365,1.74908,0.7026,0.000000023479
498,4.7735,1.73552,0.70368,0.000000023491
499,4.8107,1.72247,0.70493,0.0000000235
500,4.8483,1.70906,0.70677,0.000000023521
501,4.8862,1.69542,0.70798,0.00000002354
502,4.9243,1.68213,0.70934,0.000000023557
503,4.9628,1.66872,0.71089,0.000000023579
504,5.0015,1.65574,0.7125,0.000000023598
505,5.0406,1.64284,0.71423,0.000000023618
506,5.0799,1.62938,0.71561,0.000000023645
507,5.1196,1.61577,0.71776,0.000000023683
508,5.1596,1.60348,0.71912,0.000000023695
509,5.1999,1.58986,0.72094,0.000000023733
510,5.2405,1.57753,0.7236,0.000000023763
511,5.2814,1.5642,0.72556,0.000000023802
512,5.3226,1.55095,0.72791,0.000000023846
513,5.3642,1.53847,0.72955,0.000000023872
514,5.4061,1.52493,0.73211,0.000000023927
515,5.4483,1.51186,0.73402,0.000000023968
516,5.4908,1.49914,0.73664,0.000000024015
517,5.5337,1.48596,0.73914,0.000000024069
518,5.5769,1.47335,0.7413,0.000000024111
519,5.6204,1.46074,0.74424,0.000000024165
520,5.6643,1.44781,0.74628,0.000000024216
521,5.7086,1.4350,0.74917,0.000000024276
522,5.7531,1.42231,0.75226,0.000000024339
523,5.7981,1.40931,0.75493,0.000000024404
524,5.8433,1.39633,0.75804,0.000000024477
525,5.8890,1.38405,0.76173,0.000000024546
526,5.9349,1.37137,0.76429,0.000000024612
527,5.9813,1.35908,0.76808,0.000000024687
528,6.0280,1.3463,0.77151,0.000000024769
529,6.0750,1.33361,0.77528,0.000000024857
530,6.1225,1.32121,0.77886,0.000000024939
531,6.1703,1.3084,0.78283,0.000000025036
532,6.2185,1.29637,0.78662,0.000000025119
533,6.2670,1.28401,0.79081,0.000000025216
534,6.3160,1.27116,0.79466,0.00000002532
535,6.3653,1.25881,0.79889,0.000000025423
536,6.4150,1.24635,0.80401,0.000000025542
537,6.4651,1.23399,0.80807,0.000000025649
538,6.5155,1.22159,0.8130,0.000000025771
539,6.5664,1.20957,0.81766,0.000000025884
540,6.6177,1.19711,0.82352,0.000000026025
541,6.6694,1.18506,0.82869,0.000000026153
542,6.7214,1.17238,0.83437,0.000000026304
543,6.7739,1.16053,0.83918,0.00000002643
544,6.8268,1.14829,0.84515,0.000000026582
545,6.8801,1.13633,0.85131,0.000000026735
546,6.9339,1.12398,0.85727,0.000000026898
547,6.9880,1.11252,0.86359,0.000000027049
548,7.0426,1.10067,0.87118,0.000000027231
549,7.0975,1.08831,0.8778,0.000000027417
550,7.1530,1.07629,0.88525,0.00000002761
551,7.2088,1.06492,0.89237,0.000000027787
552,7.2651,1.0527,0.90036,0.000000028002
553,7.3218,1.04145,0.90805,0.000000028193
554,7.3790,1.02958,0.91714,0.000000028426
555,7.4366,1.01765,0.92543,0.000000028654
556,7.4947,1.00566,0.93424,0.000000028898
557,7.5532,0.99438,0.94409,0.000000029142
558,7.6122,0.98245,0.95402,0.000000029413
559,7.6716,0.97124,0.96386,0.000000029667
560,7.7315,0.95985,0.97419,0.000000029941
561,7.7919,0.94855,0.98604,0.000000030241
562,7.8527,0.93696,0.99741,0.000000030551
563,7.9141,0.92577,1.00943,0.000000030866
564,7.9759,0.91481,1.02205,0.00000003119
565,8.0381,0.90322,1.03453,0.000000031542
566,8.1009,0.89215,1.04862,0.000000031909
567,8.1642,0.88097,1.06274,0.000000032291
568,8.2279,0.86996,1.07897,0.00000003271
569,8.2921,0.85929,1.09496,0.000000033122
570,8.3569,0.8483,1.10972,0.000000033537
571,8.4221,0.83753,1.12797,0.000000034012
572,8.4879,0.82688,1.14571,0.000000034485
573,8.5542,0.81647,1.16356,0.000000034962
574,8.6210,0.80558,1.18321,0.000000035502
575,8.6883,0.79492,1.20554,0.000000036094
576,8.7561,0.78453,1.2272,0.000000036677
577,8.8245,0.77409,1.25239,0.00000003734
578,8.8934,0.7640,1.27477,0.000000037951
579,8.9629,0.75378,1.3010,0.000000038656
580,9.0328,0.74383,1.32706,0.000000039361
581,9.1034,0.73415,1.35835,0.000000040168
582,9.1745,0.72397,1.38901,0.000000041011
583,9.2461,0.71457,1.42097,0.000000041856
584,9.3183,0.70487,1.4577,0.000000042834
585,9.3910,0.69509,1.49506,0.000000043855
586,9.4644,0.68546,1.53374,0.000000044918
587,9.5383,0.67611,1.57628,0.000000046069
588,9.6128,0.66762,1.62318,0.00000004728
589,9.6878,0.65795,1.6731,0.000000048669
590,9.7635,0.64937,1.72861,0.000000050131
591,9.8397,0.6409,1.78378,0.00000005161
592,9.9165,0.63175,1.84529,0.000000053321
593,9.9940,0.62392,1.91015,0.000000055032
594,10.0720,0.61529,1.98808,0.000000057153
595,10.1510,0.60692,2.07075,0.000000059406
596,10.2300,0.59965,2.15346,0.0000000616
597,10.3100,0.59142,2.26073,0.000000064524
598,10.3900,0.58452,2.36528,0.000000067297
599,10.4710,0.57655,2.48752,0.00000007068
600,10.5530,0.56962,2.62501,0.000000074373
601,10.6360,0.56278,2.78496,0.000000078678
602,10.7190,0.5563,2.95867,0.000000083357
603,10.8020,0.54937,3.15999,0.000000088891
604,10.8870,0.54324,3.41565,0.000000095775
605,10.9720,0.53749,3.68648,0.000000103085
606,11.0570,0.53189,4.0140,0.000000111947
607,11.1440,0.52687,4.43758,0.000000123305
608,11.2310,0.52135,4.9628,0.000000137607
609,11.3180,0.51679,5.60942,0.00000015504
610,11.4070,0.51215,6.46064,0.000000178102
611,11.4960,0.50763,7.73604,0.000000212738
612,11.5860,0.50382,9.5004,0.000000260463
613,11.6760,0.50019,12.42472,0.000000339689
614,11.7670,0.49712,17.85321,0.000000486511
615,11.8590,0.49418,32.85164,0.000000892583
616,11.9520,0.49153,242.69843,0.00000657513
617,12.0450,0.48987,44.82119,-0.00000120927
618,12.1390,0.48762,20.77476,-0.000000559231
619,12.2340,0.48647,13.50621,-0.000000362171
620,12.3290,0.48547,9.91326,-0.000000264941
621,12.4260,0.48476,7.78165,-0.000000207294
622,12.5230,0.48483,6.40663,-0.000000169971
623,12.6200,0.48476,5.47072,-0.000000144683
624,12.7190,0.48501,4.72779,-0.000000124674
625,12.8180,0.48617,4.18748,-0.000000109953
626,12.9180,0.48683,3.73812,-0.000000097928
627,13.0190,0.48864,3.36243,-0.000000087762
628,13.1210,0.49034,3.05489,-0.000000079516
629,13.2230,0.49331,2.80561,-0.000000072672
630,13.3270,0.49626,2.59417,-0.000000066905
631,13.4310,0.49838,2.40967,-0.000000062032
632,13.5360,0.50319,2.24547,-0.000000057438
633,13.6410,0.50602,2.10114,-0.000000053653
634,13.7480,0.51079,1.97265,-0.000000050124
635,13.8550,0.51543,1.85912,-0.000000047047
636,13.9630,0.51995,1.75291,-0.00000004424
637,14.0720,0.52506,1.66466,-0.00000004183
638,14.1820,0.53154,1.57874,-0.000000039456
639,14.2930,0.5366,1.50412,-0.000000037482
640,14.4050,0.5427,1.43246,-0.000000035566
641,14.5170,0.54958,1.36787,-0.000000033801
642,14.6300,0.55579,1.30936,-0.000000032248
643,14.7450,0.56306,1.25397,-0.000000030747
644,14.8600,0.57057,1.20336,-0.00000002937
645,14.9760,0.57813,1.15621,-0.0000000281
646,15.0930,0.58577,1.11045,-0.000000026901
647,15.2110,0.59418,1.06925,-0.00000002578
648,15.3290,0.60279,1.03244,-0.000000024757
649,15.4490,0.61125,0.9974,-0.000000023804
650,15.5700,0.62008,0.96216,-0.000000022876
651,15.6910,0.62895,0.93057,-0.000000022029
652,15.8140,0.63865,0.90125,-0.000000021214
653,15.9370,0.64844,0.87379,-0.000000020452
654,16.0620,0.65756,0.84682,-0.000000019746
655,16.1870,0.66744,0.82112,-0.000000019061
656,16.3140,0.67741,0.79764,-0.000000018422
657,16.4410,0.68837,0.77447,-0.000000017787
658,16.5690,0.69786,0.75367,-0.000000017236
659,16.6990,0.70931,0.73157,-0.000000016649
660,16.8290,0.72024,0.71206,-0.000000016119
661,16.9600,0.73077,0.69323,-0.000000015625
662,17.0930,0.74203,0.67584,-0.000000015145
663,17.2260,0.75393,0.65928,-0.000000014678
664,17.3610,0.76534,0.64273,-0.000000014239
665,17.4960,0.77721,0.62714,-0.000000013816
666,17.6330,0.78805,0.6123,-0.00000001343
667,17.7710,0.80072,0.59626,-0.000000013022
668,17.9090,0.81186,0.58354,-0.000000012674
669,18.0490,0.82417,0.56995,-0.000000012315
670,18.1900,0.83668,0.55767,-0.000000011974
671,18.3320,0.84888,0.54506,-0.000000011648
672,18.4750,0.8617,0.53406,-0.000000011334
673,18.6200,0.87415,0.52262,-0.000000011033
674,18.7650,0.88745,0.51139,-0.000000010734
675,18.9120,0.90039,0.50086,-0.000000010453
676,19.0590,0.91334,0.49132,-0.000000010187
677,19.2080,0.92664,0.48171,-0.000000009925
678,19.3580,0.9398,0.47183,-0.000000009673
679,19.5090,0.95253,0.46263,-0.000000009437
680,19.6620,0.9663,0.45363,-0.000000009198
681,19.8150,0.97968,0.44543,-0.000000008975
682,19.9700,0.99385,0.43714,-0.000000008752
683,20.1260,1.00747,0.42904,-0.000000008541
684,20.2830,1.02131,0.42228,-0.00000000834
685,20.4410,1.03529,0.41443,-0.000000008141
686,20.6010,1.04968,0.40695,-0.000000007946
687,20.7620,1.06399,0.39991,-0.000000007759
688,20.9240,1.07833,0.39354,-0.00000000758
689,21.0870,1.09261,0.38672,-0.000000007406
690,21.2520,1.10718,0.38093,-0.000000007238
691,21.4180,1.12198,0.37382,-0.000000007071
692,21.5850,1.13685,0.36836,-0.000000006912
693,21.7540,1.1516,0.36184,-0.000000006756
694,21.9230,1.16656,0.35629,-0.000000006606
695,22.0950,1.18146,0.35073,-0.000000006461
696,22.2670,1.19658,0.34567,-0.00000000632
697,22.4410,1.21246,0.34081,-0.00000000618
698,22.6160,1.22724,0.33566,-0.000000006049
699,22.7930,1.24275,0.33076,-0.000000005918
700,22.9710,1.25834,0.32581,-0.000000005791
701,23.1500,1.2741,0.32102,-0.000000005667
702,23.3310,1.2898,0.3164,-0.000000005547
703,23.5130,1.30576,0.31174,-0.00000000543
704,23.6970,1.32152,0.3076,-0.000000005317
705,23.8820,1.33767,0.30317,-0.000000005206
706,24.0680,1.35404,0.29904,-0.000000005097
707,24.2560,1.37029,0.2949,-0.000000004992
708,24.4460,1.38625,0.29104,-0.000000004891
709,24.6360,1.40305,0.28727,-0.000000004791
710,24.8290,1.41922,0.28386,-0.000000004695
711,25.0230,1.43571,0.2801,-0.000000004601
712,25.2180,1.45313,0.27638,-0.000000004506
713,25.4150,1.46927,0.27301,-0.000000004418
714,25.6130,1.48686,0.2694,-0.000000004328
715,25.8130,1.5037,0.26608,-0.000000004243
716,26.0150,1.52077,0.26276,-0.000000004159
717,26.2180,1.53811,0.25949,-0.000000004077
718,26.4230,1.55493,0.25623,-0.000000003999
719,26.6290,1.57299,0.25358,-0.00000000392
720,26.8370,1.59065,0.25042,-0.000000003843
721,27.0470,1.60839,0.24769,-0.000000003769
722,27.2580,1.62569,0.24449,-0.000000003697
723,27.4710,1.64351,0.24207,-0.000000003627
724,27.6850,1.66176,0.2391,-0.000000003557
725,27.9010,1.67987,0.23658,-0.000000003489
726,28.1190,1.69793,0.23384,-0.000000003423
727,28.3390,1.71624,0.23133,-0.000000003359
728,28.5600,1.73488,0.22867,-0.000000003295
729,28.7830,1.75291,0.2265,-0.000000003234
730,29.0080,1.77203,0.22415,-0.000000003173
731,29.2340,1.79042,0.22165,-0.000000003115
732,29.4630,1.80944,0.2193,-0.000000003056
733,29.6930,1.82799,0.21671,-0.000000003
734,29.9240,1.84721,0.21457,-0.000000002945
735,30.1580,1.86707,0.2123,-0.00000000289
736,30.3940,1.88596,0.21035,-0.000000002837
737,30.6310,1.90572,0.20829,-0.000000002785
738,30.8700,1.92449,0.20667,-0.000000002736
739,31.1110,1.94444,0.20436,-0.000000002685
740,31.3540,1.96459,0.20254,-0.000000002636
741,31.5990,1.98431,0.20057,-0.000000002589
742,31.8460,2.00449,0.1986,-0.000000002542
743,32.0940,2.02397,0.19645,-0.000000002497
744,32.3450,2.04438,0.19464,-0.000000002452
745,32.5970,2.06469,0.19278,-0.000000002408
746,32.8520,2.08489,0.19087,-0.000000002366
747,33.1080,2.10594,0.18924,-0.000000002323
748,33.3670,2.12668,0.18769,-0.000000002282
749,33.6280,2.14778,0.18591,-0.000000002241
750,33.8900,2.16855,0.18437,-0.000000002202
751,34.1550,2.18997,0.18284,-0.000000002163
752,34.4210,2.21083,0.18124,-0.000000002125
753,34.6900,2.23253,0.17961,-0.000000002088
754,34.9610,2.25355,0.17794,-0.000000002052
755,35.2340,2.27591,0.1762,-0.000000002015
756,35.5090,2.29683,0.17494,-0.000000001981
757,35.7860,2.31922,0.17315,-0.000000001946
758,36.0660,2.34127,0.17172,-0.000000001912
759,36.3480,2.36333,0.17051,-0.000000001879
760,36.6310,2.38515,0.16924,-0.000000001848
761,36.9170,2.40779,0.16771,-0.000000001816
762,37.2060,2.43037,0.16659,-0.000000001784
763,37.4960,2.45326,0.1652,-0.000000001754
764,37.7890,2.4763,0.16387,-0.000000001723
765,38.0840,2.49944,0.16241,-0.000000001694
766,38.3810,2.52221,0.16115,-0.000000001665
767,38.6810,2.54595,0.15982,-0.000000001637
768,38.9830,2.56978,0.15866,-0.000000001609
769,39.2870,2.59343,0.15723,-0.000000001581
770,39.5940,2.61683,0.15613,-0.000000001555
771,39.9030,2.64108,0.1550,-0.000000001528
772,40.2150,2.66549,0.15396,-0.000000001502
773,40.5290,2.68966,0.15287,-0.000000001477
774,40.8450,2.71324,0.1520,-0.000000001453
775,41.1640,2.73795,0.15088,-0.000000001428
776,41.4860,2.76288,0.14969,-0.000000001404
777,41.8100,2.7880,0.14847,-0.00000000138
778,42.1360,2.8135,0.14732,-0.000000001357
779,42.4650,2.83951,0.14583,-0.000000001334
780,42.7970,2.86629,0.14464,-0.000000001311
781,43.1310,2.8929,0.14353,-0.000000001289
782,43.4680,2.91936,0.1427,-0.000000001267
783,43.8070,2.9454,0.14182,-0.000000001246
784,44.1490,2.97068,0.1413,-0.000000001226
785,44.4940,2.99563,0.14041,-0.000000001206
786,44.8410,3.01991,0.1396,-0.000000001187
787,45.1920,3.04526,0.13865,-0.000000001168
788,45.5440,3.07194,0.13814,-0.000000001148
789,45.9000,3.09801,0.13746,-0.00000000113
790,46.2580,3.12478,0.13652,-0.000000001111
791,46.6200,3.15233,0.1354,-0.000000001093
792,46.9840,3.18042,0.1345,-0.000000001075
793,47.3500,3.20805,0.13352,-0.000000001057
794,47.7200,3.23623,0.13269,-0.00000000104
795,48.0930,3.26474,0.13154,-0.000000001022
796,48.4680,3.29318,0.13081,-0.000000001006
797,48.8470,3.32125,0.12993,-0.000000000989
798,49.2280,3.35052,0.12927,-0.000000000973
799,49.6130,3.37909,0.12851,-0.000000000957
800,50.0000,3.40812,0.12767,-0.000000000942
